"Station Name","FORT NELSON A"
"Province","BRITISH COLUMBIA"
"Latitude","58.84"
"Longitude","-122.60"
"Elevation","381.90"
"Climate Identifier","1192940"
"WMO Identifier","71945"
"TC Identifier","YYE"

"Legend"
"A","Accumulated"
"C","Precipitation occurred, amount uncertain"
"E","Estimated"
"F","Accumulated and estimated"
"L","Precipitation may or may not have occurred"
"M","Missing"
"N","Temperature missing but known to be > 0"
"S","More than one occurrence"
"T","Trace"
"Y","Temperature missing but known to be < 0"
"[empty]","No data available"
"^","The value displayed is based on incomplete data"
"†","Data for this day has undergone only preliminary quality checking"
"‡","Partner data that is not subject to review by the National Climate Archives"

"Date/Time","Year","Month","Day","Data Quality","Max Temp (°C)","Max Temp Flag","Min Temp (°C)","Min Temp Flag","Mean Temp (°C)","Mean Temp Flag","Heat Deg Days (°C)","Heat Deg Days Flag","Cool Deg Days (°C)","Cool Deg Days Flag","Total Rain (mm)","Total Rain Flag","Total Snow (cm)","Total Snow Flag","Total Precip (mm)","Total Precip Flag","Snow on Grnd (cm)","Snow on Grnd Flag","Dir of Max Gust (10s deg)","Dir of Max Gust Flag","Spd of Max Gust (km/h)","Spd of Max Gust Flag"
"2012-01-01","2012","01","01","","-6.1","","-20.8","","-13.5","","31.5","","0.0","","0.0","","0.0","","0.0","","14","","","","<31",""
"2012-01-02","2012","01","02","","-6.6","","-19.3","","-13.0","","31.0","","0.0","","0.0","","0.0","","0.0","","14","","","","<31",""
"2012-01-03","2012","01","03","","-7.7","","-20.8","","-14.3","","32.3","","0.0","","0.0","","3.8","","3.8","","14","","","","<31",""
"2012-01-04","2012","01","04","","-8.7","","-13.8","","-11.3","","29.3","","0.0","","0.0","","3.4","","2.4","","16","","","","<31",""
"2012-01-05","2012","01","05","","-13.7","","-19.2","","-16.5","","34.5","","0.0","","0.0","","0.0","T","0.0","T","17","","","","<31",""
"2012-01-06","2012","01","06","","-15.0","","-23.3","","-19.2","","37.2","","0.0","","0.0","","0.0","","0.0","","17","","","","<31",""
"2012-01-07","2012","01","07","","-11.6","","-22.0","","-16.8","","34.8","","0.0","","0.0","","0.0","","0.0","","17","","","","<31",""
"2012-01-08","2012","01","08","","-1.2","","-14.8","","-8.0","","26.0","","0.0","","0.0","","0.0","","0.0","","17","","","","<31",""
"2012-01-09","2012","01","09","","-1.1","","-11.2","","-6.2","","24.2","","0.0","","0.0","","0.0","T","0.0","T","17","","31","E","56","E"
"2012-01-10","2012","01","10","","-9.8","","-22.6","","-16.2","","34.2","","0.0","","0.0","","0.0","T","0.0","T","17","","","","<31",""
"2012-01-11","2012","01","11","","-14.0","","-21.7","","-17.9","","35.9","","0.0","","0.0","","0.0","","0.0","","15","","","","<31",""
"2012-01-12","2012","01","12","","-7.4","","-18.0","","-12.7","","30.7","","0.0","","0.0","","0.0","","0.0","","15","","","","<31",""
"2012-01-13","2012","01","13","","-6.2","","-13.8","","-10.0","","28.0","","0.0","","0.0","","0.0","","0.0","","15","","","","<31",""
"2012-01-14","2012","01","14","","-11.5","","-22.0","","-16.8","","34.8","","0.0","","0.0","","0.0","T","0.0","T","15","","33","E","37","E"
"2012-01-15","2012","01","15","","-21.7","","-27.5","","-24.6","","42.6","","0.0","","0.0","","0.4","","0.4","","14","","","","<31",""
"2012-01-16","2012","01","16","","-27.4","","-36.3","","-31.9","","49.9","","0.0","","0.0","","0.0","","0.0","","14","","","","<31",""
"2012-01-17","2012","01","17","","-28.2","","-38.6","","-33.4","","51.4","","0.0","","0.0","","0.0","","0.0","","14","","","","<31",""
"2012-01-18","2012","01","18","","-14.9","","-30.4","","-22.7","","40.7","","0.0","","0.0","","0.2","","0.0","T","14","","","","<31",""
"2012-01-19","2012","01","19","","-22.4","","-32.9","","-27.7","","45.7","","0.0","","0.0","","0.0","","0.0","","22","","","","<31",""
"2012-01-20","2012","01","20","","-26.9","","-36.1","","-31.5","","49.5","","0.0","","0.0","","0.0","","0.0","","22","","","","<31",""
"2012-01-21","2012","01","21","","-21.7","","-28.1","","-24.9","","42.9","","0.0","","0.0","","8.4","","7.6","","23","","","","<31",""
"2012-01-22","2012","01","22","","-19.8","","-25.4","","-22.6","","40.6","","0.0","","0.0","","0.0","T","0.0","T","28","","","","<31",""
"2012-01-23","2012","01","23","","-19.1","","-27.6","","-23.4","","41.4","","0.0","","0.0","","5.4","","5.4","","28","","","","<31",""
"2012-01-24","2012","01","24","","-20.7","","-28.6","","-24.7","","42.7","","0.0","","0.0","","0.0","T","0.0","T","32","","","","<31",""
"2012-01-25","2012","01","25","","-20.8","","-24.8","","-22.8","","40.8","","0.0","","0.0","","0.0","T","0.0","T","32","","","","<31",""
"2012-01-26","2012","01","26","","-17.8","","-29.2","","-23.5","","41.5","","0.0","","0.0","","0.0","","0.0","","32","","","","<31",""
"2012-01-27","2012","01","27","","-16.7","","-29.6","","-23.2","","41.2","","0.0","","0.0","","0.0","","0.0","","32","","33","E","37","E"
"2012-01-28","2012","01","28","","-23.0","","-29.8","","-26.4","","44.4","","0.0","","0.0","","0.4","","0.2","","31","","","","<31",""
"2012-01-29","2012","01","29","","-21.4","","-24.7","","-23.1","","41.1","","0.0","","0.0","","2.8","","2.2","","31","","","","<31",""
"2012-01-30","2012","01","30","","-19.3","","-24.0","","-21.7","","39.7","","0.0","","0.0","","0.0","T","0.0","T","33","","","","<31",""
"2012-01-31","2012","01","31","","-13.6","","-23.5","","-18.6","","36.6","","0.0","","0.0","","0.0","","0.0","","33","","","","<31",""
"2012-02-01","2012","02","01","","-7.6","","-22.4","","-15.0","","33.0","","0.0","","0.0","","0.0","","0.0","","33","","","","<31",""
"2012-02-02","2012","02","02","","-6.0","","-18.0","","-12.0","","30.0","","0.0","","0.0","","0.0","","0.0","","32","","","","<31",""
"2012-02-03","2012","02","03","","12.6","","-9.8","","1.4","","16.6","","0.0","","0.0","","0.0","","0.0","","32","","","","<31",""
"2012-02-04","2012","02","04","","1.6","","-11.8","","-5.1","","23.1","","0.0","","0.0","","0.0","","0.0","","27","","","","<31",""
"2012-02-05","2012","02","05","","-2.3","","-16.7","","-9.5","","27.5","","0.0","","0.0","","0.0","","0.0","","25","","","","<31",""
"2012-02-06","2012","02","06","","0.1","","-17.3","","-8.6","","26.6","","0.0","","0.0","","0.0","","0.0","","23","","","","<31",""
"2012-02-07","2012","02","07","","-8.2","","-20.5","","-14.4","","32.4","","0.0","","0.0","","0.0","","0.0","","23","","","","<31",""
"2012-02-08","2012","02","08","","-7.6","","-19.6","","-13.6","","31.6","","0.0","","0.0","","0.0","","0.0","","20","","","","<31",""
"2012-02-09","2012","02","09","","-11.5","","-19.2","","-15.4","","33.4","","0.0","","0.0","","0.0","T","0.0","T","20","","","","<31",""
"2012-02-10","2012","02","10","","-11.3","","-19.9","","-15.6","","33.6","","0.0","","0.0","","0.0","","0.0","","20","","","","<31",""
"2012-02-11","2012","02","11","","-3.9","","-18.0","","-11.0","","29.0","","0.0","","0.0","","0.0","","0.0","","20","","","","<31",""
"2012-02-12","2012","02","12","","-4.2","","-17.3","","-10.8","","28.8","","0.0","","0.0","","0.0","","0.0","","20","","","","<31",""
"2012-02-13","2012","02","13","","4.4","","-14.3","","-5.0","","23.0","","0.0","","0.0","","0.0","","0.0","","20","","","","<31",""
"2012-02-14","2012","02","14","","3.5","","-14.2","","-5.4","","23.4","","0.0","","0.0","","0.0","","0.0","","20","","","","<31",""
"2012-02-15","2012","02","15","","5.1","","-9.5","","-2.2","","20.2","","0.0","","0.0","","0.0","","0.0","","20","","","","<31",""
"2012-02-16","2012","02","16","","-2.6","","-16.3","","-9.5","","27.5","","0.0","","0.0","","0.0","","0.0","","17","","","","<31",""
"2012-02-17","2012","02","17","","-0.2","","-15.7","","-8.0","","26.0","","0.0","","0.0","","0.0","","0.0","","17","","","","<31",""
"2012-02-18","2012","02","18","","-1.4","","-16.5","","-9.0","","27.0","","0.0","","0.0","","0.0","","0.0","","17","","","","<31",""
"2012-02-19","2012","02","19","","-0.8","","-13.2","","-7.0","","25.0","","0.0","","0.0","","0.0","","0.0","","16","","","","<31",""
"2012-02-20","2012","02","20","","-1.4","","-17.5","","-9.5","","27.5","","0.0","","0.0","","0.0","","0.0","","16","","","","<31",""
"2012-02-21","2012","02","21","","5.1","","-11.2","","-3.1","","21.1","","0.0","","0.0","","0.0","T","0.0","T","16","","","","<31",""
"2012-02-22","2012","02","22","","-4.0","","-13.4","","-8.7","","26.7","","0.0","","0.0","","0.0","","0.0","","16","","","","<31",""
"2012-02-23","2012","02","23","","-9.7","","-16.4","","-13.1","","31.1","","0.0","","0.0","","2.0","","2.0","","17","","","","<31",""
"2012-02-24","2012","02","24","","-8.3","","-17.4","","-12.9","","30.9","","0.0","","0.0","","0.0","T","0.0","T","21","","","","<31",""
"2012-02-25","2012","02","25","","-10.1","","-20.7","","-15.4","","33.4","","0.0","","0.0","","1.0","","1.0","","21","","","","<31",""
"2012-02-26","2012","02","26","","-7.2","","-25.4","","-16.3","","34.3","","0.0","","0.0","","0.0","","0.0","","22","","","","<31",""
"2012-02-27","2012","02","27","","0.1","","-14.1","","-7.0","","25.0","","0.0","","0.0","","0.0","","0.0","","21","","","","<31",""
"2012-02-28","2012","02","28","","-3.9","","-14.6","","-9.3","","27.3","","0.0","","0.0","","0.5","","0.5","","21","","33","E","37","E"
"2012-02-29","2012","02","29","","-14.6","","-18.9","","-16.8","","34.8","","0.0","","0.0","","7.0","","4.4","","24","","","","<31",""
"2012-03-01","2012","03","01","","-12.8","","-20.5","","-16.7","","34.7","","0.0","","0.0","","3.0","","3.0","","29","","","","<31",""
"2012-03-02","2012","03","02","","-9.0","","-19.6","","-14.3","","32.3","","0.0","","0.0","","0.0","T","0.0","T","28","","","","<31",""
"2012-03-03","2012","03","03","","4.3","","-17.9","","-6.8","","24.8","","0.0","","0.0","","0.0","","0.0","","28","","","","<31",""
"2012-03-04","2012","03","04","","-4.5","","-18.9","","-11.7","","29.7","","0.0","","0.0","","0.0","T","0.0","T","28","","33","E","37","E"
"2012-03-05","2012","03","05","","-13.7","","-18.9","","-16.3","","34.3","","0.0","","0.0","","0.6","","0.6","","28","","","","<31",""
"2012-03-06","2012","03","06","","-10.3","","-22.4","","-16.4","","34.4","","0.0","","0.0","","2.4","","1.8","","28","","","","<31",""
"2012-03-07","2012","03","07","","-1.6","","-12.9","","-7.3","","25.3","","0.0","","0.0","","2.6","","2.0","","29","","","","<31",""
"2012-03-08","2012","03","08","","0.8","","-10.8","","-5.0","","23.0","","0.0","","0.0","","1.0","","0.6","","30","","","","<31",""
"2012-03-09","2012","03","09","","5.0","","-10.8","","-2.9","","20.9","","0.0","","0.0","","0.0","","0.0","","30","","","","<31",""
"2012-03-10","2012","03","10","","6.2","","-9.7","","-1.8","","19.8","","0.0","","0.0","","0.0","","0.0","","30","","","","<31",""
"2012-03-11","2012","03","11","","-3.6","","-14.1","","-8.9","","26.9","","0.0","","0.0","","0.0","T","0.0","T","28","","33","","32",""
"2012-03-12","2012","03","12","","-11.9","","-19.0","","-15.5","","33.5","","0.0","","0.0","","9.0","","8.2","","30","","","","<31",""
"2012-03-13","2012","03","13","","-11.6","","-22.6","","-17.1","","35.1","","0.0","","0.0","","0.0","T","0.0","T","31","","","","<31",""
"2012-03-14","2012","03","14","","-3.6","","-23.5","","-13.6","","31.6","","0.0","","0.0","","0.0","","0.0","","31","","","","<31",""
"2012-03-15","2012","03","15","","-4.2","","-17.8","","-11.0","","29.0","","0.0","","0.0","","0.0","T","0.0","T","31","","","","<31",""
"2012-03-16","2012","03","16","","-6.3","","-12.7","","-9.5","","27.5","","0.0","","0.0","","0.0","T","0.0","T","31","","","","<31",""
"2012-03-17","2012","03","17","","-7.0","","-15.9","","-11.5","","29.5","","0.0","","0.0","","1.0","","1.0","","31","","","","<31",""
"2012-03-18","2012","03","18","","-10.5","","-16.3","","-13.4","","31.4","","0.0","","0.0","","7.8","","2.4","","32","","","","<31",""
"2012-03-19","2012","03","19","","-8.7","","-21.4","","-15.1","","33.1","","0.0","","0.0","","1.0","","1.0","","34","","","","<31",""
"2012-03-20","2012","03","20","","-9.7","","-13.7","","-11.7","","29.7","","0.0","","0.0","","1.6","","1.2","","35","","","","<31",""
"2012-03-21","2012","03","21","","-12.2","","-19.7","","-16.0","","34.0","","0.0","","0.0","","0.8","","0.6","","38","","","","<31",""
"2012-03-22","2012","03","22","","-7.9","","-21.0","","-14.5","","32.5","","0.0","","0.0","","0.6","","0.4","","38","","","","<31",""
"2012-03-23","2012","03","23","","-1.4","","-13.5","","-7.5","","25.5","","0.0","","0.0","","0.0","T","0.0","T","38","","","","<31",""
"2012-03-24","2012","03","24","","4.9","","-18.5","","-6.8","","24.8","","0.0","","0.0","","0.0","","0.0","","38","","","","<31",""
"2012-03-25","2012","03","25","","5.2","","-12.8","","-3.8","","21.8","","0.0","","0.0","","0.0","","0.0","","37","","","","<31",""
"2012-03-26","2012","03","26","","5.9","","-14.9","","-4.5","","22.5","","0.0","","0.0","","0.0","","0.0","","37","","","","<31",""
"2012-03-27","2012","03","27","","9.3","","-9.8","","-0.3","","18.3","","0.0","","0.0","","0.0","","0.0","","35","","","","<31",""
"2012-03-28","2012","03","28","","11.1","","-10.2","","0.5","","17.5","","0.0","","0.0","","0.0","","0.0","","34","","","","<31",""
"2012-03-29","2012","03","29","","11.2","","-3.5","","3.9","","14.1","","0.0","","0.0","","0.0","","0.0","","31","","","","<31",""
"2012-03-30","2012","03","30","","5.9","","-1.7","","2.1","","15.9","","0.0","","0.0","","17.9","","16.7","","28","","","","<31",""
"2012-03-31","2012","03","31","","2.4","","-1.3","","0.6","","17.4","","0.0","","0.0","","4.2","","3.4","","34","","","","<31",""
"2012-04-01","2012","04","01","","1.5","","-4.3","","-1.4","","19.4","","0.0","","0.0","","5.8","","4.0","","34","","","","<31",""
"2012-04-02","2012","04","02","","7.2","","-9.2","","-1.0","","19.0","","0.0","","0.0","","0.0","","0.0","","31","","","","<31",""
"2012-04-03","2012","04","03","","1.3","","-7.2","","-3.0","","21.0","","0.0","","0.0","","0.0","","0.0","","30","","","","<31",""
"2012-04-04","2012","04","04","","-0.5","","-4.7","","-2.6","","20.6","","0.0","","0.0","","0.0","T","0.0","T","30","","","","<31",""
"2012-04-05","2012","04","05","","6.2","","-7.8","","-0.8","","18.8","","0.0","","0.0","","0.0","","0.0","","30","","","","<31",""
"2012-04-06","2012","04","06","","8.4","","-7.4","","0.5","","17.5","","0.0","","0.0","","0.0","","0.0","","30","","","","<31",""
"2012-04-07","2012","04","07","","11.5","","-6.1","","2.7","","15.3","","0.0","","0.0","","0.0","","0.0","","30","","","","<31",""
"2012-04-08","2012","04","08","","10.9","","-4.0","","3.5","","14.5","","0.0","","0.0","","0.0","","0.0","","28","","","","<31",""
"2012-04-09","2012","04","09","","14.1","","-2.9","","5.6","","12.4","","0.0","","0.0","","0.0","","0.0","","27","","","","<31",""
"2012-04-10","2012","04","10","","13.7","","0.3","","7.0","","11.0","","0.0","","0.0","","0.0","","0.0","","25","","","","<31",""
"2012-04-11","2012","04","11","","10.1","","0.5","","5.3","","12.7","","0.0","","0.0","","0.0","","0.0","","24","","","","<31",""
"2012-04-12","2012","04","12","","6.7","","0.4","","3.6","","14.4","","0.0","","0.0","T","0.0","","0.0","T","22","","","","<31",""
"2012-04-13","2012","04","13","","3.4","","-2.3","","0.6","","17.4","","0.0","","0.0","","12.8","","11.8","","19","","36","E","37","E"
"2012-04-14","2012","04","14","","2.7","","-4.7","","-1.0","","19.0","","0.0","","0.0","","8.5","","6.3","","21","","","","<31",""
"2012-04-15","2012","04","15","","4.9","","-5.8","","-0.5","","18.5","","0.0","","0.0","","0.0","T","0.0","T","17","","","","<31",""
"2012-04-16","2012","04","16","","6.2","","-5.9","","0.2","","17.8","","0.0","","0.0","","0.0","","0.0","","16","","","","<31",""
"2012-04-17","2012","04","17","","9.5","","-5.4","","2.1","","15.9","","0.0","","0.0","","0.0","","0.0","","5","","","","<31",""
"2012-04-18","2012","04","18","","12.7","","-4.9","","3.9","","14.1","","0.0","","0.0","","0.0","","0.0","","4","","","","<31",""
"2012-04-19","2012","04","19","","14.6","","-3.3","","5.7","","12.3","","0.0","","0.0","","0.0","","0.0","","3","","","","<31",""
"2012-04-20","2012","04","20","","11.3","","-0.3","","5.5","","12.5","","0.0","","0.0","T","0.0","","0.0","T","0","T","","","<31",""
"2012-04-21","2012","04","21","","13.8","","1.3","","7.6","","10.4","","0.0","","0.0","","0.0","","0.0","","0","T","","","<31",""
"2012-04-22","2012","04","22","","15.2","","-0.7","","7.3","","10.7","","0.0","","0.0","","0.0","","0.0","","0","T","","","<31",""
"2012-04-23","2012","04","23","","12.8","","-0.1","","6.4","","11.6","","0.0","","0.6","","0.0","","0.6","","0","T","","","<31",""
"2012-04-24","2012","04","24","","4.8","","0.9","","2.9","","15.1","","0.0","","15.2","","0.0","T","15.2","","0","","","","<31",""
"2012-04-25","2012","04","25","","3.3","","-0.3","","1.5","","16.5","","0.0","","1.0","","0.0","T","1.0","","0","","","","<31",""
"2012-04-26","2012","04","26","","4.7","","0.6","","2.7","","15.3","","0.0","","2.8","","0.0","T","2.8","","0","","","","<31",""
"2012-04-27","2012","04","27","","8.2","","0.1","","4.2","","13.8","","0.0","","4.2","","3.4","","11.4","","1","","","","<31",""
"2012-04-28","2012","04","28","","16.0","","-2.0","","7.0","","11.0","","0.0","","0.0","","0.0","","0.0","","0","","","","<31",""
"2012-04-29","2012","04","29","","15.9","","-1.8","","7.1","","10.9","","0.0","","0.0","","0.0","","0.0","","0","","","","<31",""
"2012-04-30","2012","04","30","","17.2","","1.9","","9.6","","8.4","","0.0","","0.0","","0.0","","0.0","","0","","","","<31",""
"2012-05-01","2012","05","01","","15.1","","4.4","","9.8","","8.2","","0.0","","0.6","","0.0","","0.6","","0","","","","<31",""
"2012-05-02","2012","05","02","","14.3","","0.0","","7.2","","10.8","","0.0","","0.2","","0.0","","0.2","","0","","22","","41",""
"2012-05-03","2012","05","03","","14.0","","-1.5","","6.3","","11.7","","0.0","","4.2","","0.0","","4.2","","0","","","","<31",""
"2012-05-04","2012","05","04","","12.4","","3.3","","7.9","","10.1","","0.0","","4.2","","0.0","","4.2","","0","","","","<31",""
"2012-05-05","2012","05","05","","14.3","","1.0","","7.7","","10.3","","0.0","","0.0","","0.0","","0.0","","0","","28","E","35","E"
"2012-05-06","2012","05","06","","17.5","","0.8","","9.2","","8.8","","0.0","","0.0","","0.0","","0.0","","0","","","","<31",""
"2012-05-07","2012","05","07","","20.3","","0.5","","10.4","","7.6","","0.0","","0.0","","0.0","","0.0","","0","","","","<31",""
"2012-05-08","2012","05","08","","17.1","","2.1","","9.6","","8.4","","0.0","","2.0","","0.0","","2.0","","0","","30","E","46","E"
"2012-05-09","2012","05","09","","13.1","","-2.7","","5.2","","12.8","","0.0","","0.0","","0.0","","0.0","","0","","24","E","46","E"
"2012-05-10","2012","05","10","","15.0","","3.7","","9.4","","8.6","","0.0","","0.0","","0.0","","0.0","","0","","28","E","56","E"
"2012-05-11","2012","05","11","","18.4","","3.7","","11.1","","6.9","","0.0","","0.0","","0.0","","0.0","","0","","29","E","37","E"
"2012-05-12","2012","05","12","","20.5","","4.7","","12.6","","5.4","","0.0","","0.0","","0.0","","0.0","","0","","31","E","37","E"
"2012-05-13","2012","05","13","","18.8","","2.6","","10.7","","7.3","","0.0","","1.4","","0.0","","1.4","","0","","30","E","56","E"
"2012-05-14","2012","05","14","","17.2","","5.8","","11.5","","6.5","","0.0","","0.0","","0.0","","0.0","","0","","31","E","35","E"
"2012-05-15","2012","05","15","","19.8","","1.5","","10.7","","7.3","","0.0","","0.0","","0.0","","0.0","","0","","34","","35",""
"2012-05-16","2012","05","16","","9.1","","0.5","","4.8","","13.2","","0.0","","1.2","","1.6","","2.8","","0","","33","E","56","E"
"2012-05-17","2012","05","17","","1.6","","-0.3","","0.7","","17.3","","0.0","","0.0","","17.2","","12.8","","4","","31","E","37","E"
"2012-05-18","2012","05","18","","7.8","","-0.6","","3.6","","14.4","","0.0","","0.2","","3.2","","2.2","","3","","","","<31",""
"2012-05-19","2012","05","19","","13.4","","-3.8","","4.8","","13.2","","0.0","","0.0","","0.0","","0.0","","0","","","","<31",""
"2012-05-20","2012","05","20","","17.8","","-1.8","","8.0","","10.0","","0.0","","0.0","","0.0","","0.0","","0","","","","<31",""
"2012-05-21","2012","05","21","","20.8","","4.0","","12.4","","5.6","","0.0","","0.0","","0.0","","0.0","","0","","","","<31",""
"2012-05-22","2012","05","22","","16.4","","9.2","","12.8","","5.2","","0.0","","6.0","","0.0","","6.0","","0","","","","<31",""
"2012-05-23","2012","05","23","","17.2","","8.6","","12.9","","5.1","","0.0","","0.6","","0.0","","0.6","","0","","","","<31",""
"2012-05-24","2012","05","24","","20.4","","6.9","","13.7","","4.3","","0.0","","0.0","","0.0","","0.0","","0","","","","<31",""
"2012-05-25","2012","05","25","","23.7","","5.9","","14.8","","3.2","","0.0","","0.0","","0.0","","0.0","","0","","","","<31",""
"2012-05-26","2012","05","26","","25.2","","6.9","","16.1","","1.9","","0.0","","0.0","","0.0","","0.0","","0","","","","<31",""
"2012-05-27","2012","05","27","","27.6","","7.5","","17.6","","0.4","","0.0","","0.0","","0.0","","0.0","","0","","","","<31",""
"2012-05-28","2012","05","28","","26.2","","8.0","","17.1","","0.9","","0.0","","0.0","","0.0","","0.0","","0","","9","E","46","E"
"2012-05-29","2012","05","29","","23.1","","6.6","","14.9","","3.1","","0.0","","2.2","","0.0","","2.2","","0","","24","E","65","E"
"2012-05-30","2012","05","30","","20.1","","6.2","","13.2","","4.8","","0.0","","0.4","","0.0","","0.4","","0","","","","<31",""
"2012-05-31","2012","05","31","","21.3","","6.1","","13.7","","4.3","","0.0","","0.0","","0.0","","0.0","","0","","25","","37",""
"2012-06-01","2012","06","01","","21.8","","4.8","","13.3","","4.7","","0.0","","0.0","","0.0","","0.0","","0","","","","<31",""
"2012-06-02","2012","06","02","","17.3","","9.7","","13.5","","4.5","","0.0","","0.4","","0.0","","0.4","","0","","","","<31",""
"2012-06-03","2012","06","03","","10.0","","8.3","","9.2","","8.8","","0.0","","49.0","","0.0","","49.0","","0","","","","<31",""
"2012-06-04","2012","06","04","","15.0","","7.8","","11.4","","6.6","","0.0","","2.8","","0.0","","2.8","","0","","","","<31",""
"2012-06-05","2012","06","05","","15.2","","7.3","","11.3","","6.7","","0.0","","3.8","","0.0","","3.8","","0","","","","<31",""
"2012-06-06","2012","06","06","","13.3","","11.3","","12.3","","5.7","","0.0","","22.8","","0.0","","22.8","","0","","","","<31",""
"2012-06-07","2012","06","07","","22.7","","12.8","","17.8","","0.2","","0.0","","29.0","","0.0","","29.0","","0","","15","E","37","E"
"2012-06-08","2012","06","08","","22.0","","4.5","","13.3","","4.7","","0.0","","0.0","","0.0","","0.0","","0","","","","<31",""
"2012-06-09","2012","06","09","","21.6","","9.1","","15.4","","2.6","","0.0","","2.6","","0.0","","2.6","","0","","","","<31",""
"2012-06-10","2012","06","10","","16.6","","11.9","","14.3","","3.7","","0.0","","1.0","","0.0","","1.0","","0","","","","<31",""
"2012-06-11","2012","06","11","","15.3","","9.7","","12.5","","5.5","","0.0","","2.2","","0.0","","2.2","","0","","","","<31",""
"2012-06-12","2012","06","12","","18.4","","8.3","","13.4","","4.6","","0.0","","0.0","T","0.0","","0.0","T","0","","","","<31",""
"2012-06-13","2012","06","13","","16.3","","8.9","","12.6","","5.4","","0.0","","0.0","","0.0","","0.0","","0","","","","<31",""
"2012-06-14","2012","06","14","","16.4","","8.3","","12.4","","5.6","","0.0","","0.4","","0.0","","0.4","","0","","","","<31",""
"2012-06-15","2012","06","15","","17.6","","3.6","","10.6","","7.4","","0.0","","0.0","T","0.0","","0.0","T","0","","","","<31",""
"2012-06-16","2012","06","16","","16.8","","9.0","","12.9","","5.1","","0.0","","0.8","","0.0","","0.8","","0","","","","<31",""
"2012-06-17","2012","06","17","","21.7","","7.0","","14.4","","3.6","","0.0","","0.0","T","0.0","","0.0","T","0","","","","<31",""
"2012-06-18","2012","06","18","","20.4","","10.2","","15.3","","2.7","","0.0","","0.0","","0.0","","0.0","","0","","","","<31",""
"2012-06-19","2012","06","19","","23.9","","11.4","","17.7","","0.3","","0.0","","0.0","","0.0","","0.0","","0","","","","<31",""
"2012-06-20","2012","06","20","","26.4","","7.2","","16.8","","1.2","","0.0","","0.0","","0.0","","0.0","","0","","","","<31",""
"2012-06-21","2012","06","21","","27.5","","7.6","","17.6","","0.4","","0.0","","0.0","","0.0","","0.0","","0","","","","<31",""
"2012-06-22","2012","06","22","","27.1","","10.0","","18.6","","0.0","","0.6","","0.0","","0.0","","0.0","","0","","","","<31",""
"2012-06-23","2012","06","23","","26.2","","10.0","","18.1","","0.0","","0.1","","0.0","","0.0","","0.0","","0","","","","<31",""
"2012-06-24","2012","06","24","","24.4","","9.3","","16.9","","1.1","","0.0","","0.0","","0.0","","0.0","","0","","","","<31",""
"2012-06-25","2012","06","25","","23.5","","9.8","","16.7","","1.3","","0.0","","15.2","","0.0","","15.2","","0","","","","<31",""
"2012-06-26","2012","06","26","","24.7","","12.6","","18.7","","0.0","","0.7","","0.2","","0.0","","0.2","","0","","","","<31",""
"2012-06-27","2012","06","27","","22.9","","13.5","","18.2","","0.0","","0.2","","0.0","","0.0","","0.0","","0","","32","E","37","E"
"2012-06-28","2012","06","28","","24.5","","9.6","","17.1","","0.9","","0.0","","0.0","","0.0","","0.0","","0","","","","<31",""
"2012-06-29","2012","06","29","","23.2","","13.5","","18.4","","0.0","","0.4","","0.0","T","0.0","","0.0","T","0","","","","<31",""
"2012-06-30","2012","06","30","","21.6","","11.7","","16.7","","1.3","","0.0","","1.0","","0.0","","1.0","","0","","21","E","37","E"
"2012-07-01","2012","07","01","","21.0","","7.2","","14.1","","3.9","","0.0","","0.0","T","0.0","","0.0","T","0","","","","<31",""
"2012-07-02","2012","07","02","","23.0","","6.5","","14.8","","3.2","","0.0","","0.0","","0.0","","0.0","","0","","","","<31",""
"2012-07-03","2012","07","03","","24.3","","11.6","","18.0","","0.0","","0.0","","0.0","T","0.0","","0.0","T","0","","","","<31",""
"2012-07-04","2012","07","04","","24.8","","10.1","","17.5","","0.5","","0.0","","0.0","","0.0","","0.0","","0","","","","<31",""
"2012-07-05","2012","07","05","","23.9","","10.4","","17.2","","0.8","","0.0","","0.0","","0.0","","0.0","","0","","","","<31",""
"2012-07-06","2012","07","06","","27.7","","10.0","","18.9","","0.0","","0.9","","0.0","","0.0","","0.0","","0","","","","<31",""
"2012-07-07","2012","07","07","","30.3","","11.8","","21.1","","0.0","","3.1","","0.0","","0.0","","0.0","","0","","","","<31",""
"2012-07-08","2012","07","08","","29.4","","13.2","","21.3","","0.0","","3.3","","0.0","","0.0","","0.0","","0","","","","<31",""
"2012-07-09","2012","07","09","","29.6","","14.2","","21.9","","0.0","","3.9","","0.0","","0.0","","0.0","","0","","","","<31",""
"2012-07-10","2012","07","10","","28.2","","12.6","","20.4","","0.0","","2.4","","0.0","","0.0","","0.0","","0","","30","E","37","E"
"2012-07-11","2012","07","11","","25.9","","8.0","","17.0","","1.0","","0.0","","0.0","","0.0","","0.0","","0","","","","<31",""
"2012-07-12","2012","07","12","","24.8","","6.4","","15.6","","2.4","","0.0","","0.0","","0.0","","0.0","","0","","","","<31",""
"2012-07-13","2012","07","13","","29.9","","7.7","","18.8","","0.0","","0.8","","0.0","","0.0","","0.0","","0","","","","<31",""
"2012-07-14","2012","07","14","","27.4","","14.9","","21.2","","0.0","","3.2","","0.0","","0.0","","0.0","","0","","","","<31",""
"2012-07-15","2012","07","15","","28.1","","17.1","","22.6","","0.0","","4.6","","0.0","","0.0","","0.0","","0","","","","<31",""
"2012-07-16","2012","07","16","","29.4","","14.8","","22.1","","0.0","","4.1","","0.0","","0.0","","0.0","","0","","","","<31",""
"2012-07-17","2012","07","17","","24.7","","13.7","","19.2","","0.0","","1.2","","12.4","","0.0","","12.4","","0","","30","E","37","E"
"2012-07-18","2012","07","18","","19.3","","12.2","","15.8","","2.2","","0.0","","9.0","","0.0","","9.0","","0","","","","<31",""
"2012-07-19","2012","07","19","","25.2","","9.9","","17.6","","0.4","","0.0","","0.0","","0.0","","0.0","","0","","","","<31",""
"2012-07-20","2012","07","20","","29.8","","10.0","","19.9","","0.0","","1.9","","0.0","","0.0","","0.0","","0","","","","<31",""
"2012-07-21","2012","07","21","","30.5","","12.2","","21.4","","0.0","","3.4","","0.0","","0.0","","0.0","","0","","","","<31",""
"2012-07-22","2012","07","22","","30.5","","13.9","","22.2","","0.0","","4.2","","0.0","","0.0","","0.0","","0","","","","<31",""
"2012-07-23","2012","07","23","","30.0","","13.3","","21.7","","0.0","","3.7","","0.0","","0.0","","0.0","","0","","","","<31",""
"2012-07-24","2012","07","24","","30.7","","12.4","","21.6","","0.0","","3.6","","0.0","","0.0","","0.0","","0","","","","<31",""
"2012-07-25","2012","07","25","","25.9","","17.8","","21.9","","0.0","","3.9","","0.0","","0.0","","0.0","","0","","","","<31",""
"2012-07-26","2012","07","26","","28.4","","12.4","","20.4","","0.0","","2.4","","0.0","","0.0","","0.0","","0","","","","<31",""
"2012-07-27","2012","07","27","","24.8","","14.3","","19.6","","0.0","","1.6","","0.0","","0.0","","0.0","","0","","","","<31",""
"2012-07-28","2012","07","28","","28.2","","14.6","","21.4","","0.0","","3.4","","0.0","T","0.0","","0.0","T","0","","","","<31",""
"2012-07-29","2012","07","29","","27.4","","14.5","","21.0","","0.0","","3.0","","6.2","","0.0","","6.2","","0","","","","<31",""
"2012-07-30","2012","07","30","","26.6","","12.3","","19.5","","0.0","","1.5","","0.2","","0.0","","0.2","","0","","","","<31",""
"2012-07-31","2012","07","31","","24.9","","9.9","","17.4","","0.6","","0.0","","0.2","","0.0","","0.2","","0","","","","<31",""
"2012-08-01","2012","08","01","","17.4","","8.5","","13.0","","5.0","","0.0","","0.0","T","0.0","","0.0","T","0","","","","<31",""
"2012-08-02","2012","08","02","","25.8","","9.5","","17.7","","0.3","","0.0","","0.0","","0.0","","0.0","","0","","","","<31",""
"2012-08-03","2012","08","03","","23.2","","14.3","","18.8","","0.0","","0.8","","6.2","","0.0","","6.2","","0","","","","<31",""
"2012-08-04","2012","08","04","","22.9","","12.9","","17.9","","0.1","","0.0","","0.0","T","0.0","","0.0","T","0","","29","","37",""
"2012-08-05","2012","08","05","","24.1","","6.8","","15.5","","2.5","","0.0","","0.0","","0.0","","0.0","","0","","","","<31",""
"2012-08-06","2012","08","06","","27.3","","13.3","","20.3","","0.0","","2.3","","0.0","","0.0","","0.0","","0","","","","<31",""
"2012-08-07","2012","08","07","","31.5","","10.3","","20.9","","0.0","","2.9","","0.0","","0.0","","0.0","","0","","","","<31",""
"2012-08-08","2012","08","08","","28.3","","15.5","","21.9","","0.0","","3.9","","1.4","","0.0","","1.4","","0","","","","<31",""
"2012-08-09","2012","08","09","","25.0","","11.0","","18.0","","0.0","","0.0","","0.0","","0.0","","0.0","","0","","","","<31",""
"2012-08-10","2012","08","10","","16.6","","9.1","","12.9","","5.1","","0.0","","0.0","T","0.0","","0.0","T","0","","","","<31",""
"2012-08-11","2012","08","11","","23.6","","8.0","","15.8","","2.2","","0.0","","0.0","","0.0","","0.0","","0","","","","<31",""
"2012-08-12","2012","08","12","","25.0","","11.3","","18.2","","0.0","","0.2","","2.4","","0.0","","2.4","","0","","","","<31",""
"2012-08-13","2012","08","13","","19.8","","7.9","","13.9","","4.1","","0.0","","0.0","T","0.0","","0.0","T","0","","","","<31",""
"2012-08-14","2012","08","14","","22.7","","11.1","","16.9","","1.1","","0.0","","0.0","T","0.0","","0.0","T","0","","","","<31",""
"2012-08-15","2012","08","15","","27.1","","9.3","","18.2","","0.0","","0.2","","0.0","","0.0","","0.0","","0","","","","<31",""
"2012-08-16","2012","08","16","","27.8","","7.9","","17.9","","0.1","","0.0","","0.0","","0.0","","0.0","","0","","","","<31",""
"2012-08-17","2012","08","17","","31.0","","9.5","","20.3","","0.0","","2.3","","0.0","","0.0","","0.0","","0","","","","<31",""
"2012-08-18","2012","08","18","","29.9","","13.1","","21.5","","0.0","","3.5","","0.0","","0.0","","0.0","","0","","","","<31",""
"2012-08-19","2012","08","19","","28.0","","12.4","","20.2","","0.0","","2.2","","0.0","","0.0","","0.0","","0","","","","<31",""
"2012-08-20","2012","08","20","","27.5","","9.4","","18.5","","0.0","","0.5","","0.0","","0.0","","0.0","","0","","","","<31",""
"2012-08-21","2012","08","21","","27.7","","11.1","","19.4","","0.0","","1.4","","0.0","T","0.0","","0.0","T","0","","","","<31",""
"2012-08-22","2012","08","22","","19.3","","13.8","","16.6","","1.4","","0.0","","15.2","","0.0","","15.2","","0","","","","<31",""
"2012-08-23","2012","08","23","","17.9","","12.4","","15.2","","2.8","","0.0","","2.0","","0.0","","2.0","","0","","","","<31",""
"2012-08-24","2012","08","24","","16.9","","12.3","","14.6","","3.4","","0.0","","3.8","","0.0","","3.8","","0","","","","<31",""
"2012-08-25","2012","08","25","","22.4","","9.0","","15.7","","2.3","","0.0","","0.0","","0.0","","0.0","","0","","","","<31",""
"2012-08-26","2012","08","26","","23.9","","9.7","","16.8","","1.2","","0.0","","0.0","","0.0","","0.0","","0","","","","<31",""
"2012-08-27","2012","08","27","","27.8","","7.1","","17.5","","0.5","","0.0","","0.0","","0.0","","0.0","","0","","","","<31",""
"2012-08-28","2012","08","28","","20.6","","9.5","","15.1","","2.9","","0.0","","6.0","","0.0","","6.0","","0","","28","E","37","E"
"2012-08-29","2012","08","29","","13.4","","9.2","","11.3","","6.7","","0.0","","7.8","","0.0","","7.8","","0","","26","E","41","E"
"2012-08-30","2012","08","30","","19.7","","7.0","","13.4","","4.6","","0.0","","1.4","","0.0","","1.4","","0","","","","<31",""
"2012-08-31","2012","08","31","","22.1","","7.1","","14.6","","3.4","","0.0","","0.0","","0.0","","0.0","","0","","","","<31",""
"2012-09-01","2012","09","01","","22.8","","6.7","","14.8","","3.2","","0.0","","0.0","","0.0","","0.0","","0","","","","<31",""
"2012-09-02","2012","09","02","","16.8","","5.1","","11.0","","7.0","","0.0","","1.0","","0.0","","1.0","","0","","20","E","44","E"
"2012-09-03","2012","09","03","","18.3","","7.7","","13.0","","5.0","","0.0","","0.0","","0.0","","0.0","","0","","28","E","52","E"
"2012-09-04","2012","09","04","","19.6","","5.5","","12.6","","5.4","","0.0","","0.0","T","0.0","","0.0","T","0","","26","E","41","E"
"2012-09-05","2012","09","05","","21.8","","10.6","","16.2","","1.8","","0.0","","0.0","","0.0","","0.0","","0","","","","<31",""
"2012-09-06","2012","09","06","","24.1","","9.1","","16.6","","1.4","","0.0","","0.0","","0.0","","0.0","","0","","34","","37",""
"2012-09-07","2012","09","07","","19.4","","6.9","","13.2","","4.8","","0.0","","0.0","","0.0","","0.0","","0","","27","","39",""
"2012-09-08","2012","09","08","","20.9","","2.2","","11.6","","6.4","","0.0","","0.0","","0.0","","0.0","","0","","","","<31",""
"2012-09-09","2012","09","09","","21.2","","7.8","","14.5","","3.5","","0.0","","0.0","T","0.0","","0.0","T","0","","29","E","50","E"
"2012-09-10","2012","09","10","","18.2","","4.2","","11.2","","6.8","","0.0","","0.0","T","0.0","","0.0","T","0","","28","E","48","E"
"2012-09-11","2012","09","11","","13.9","","0.4","","7.2","","10.8","","0.0","","0.0","","0.0","","0.0","","0","","28","E","50","E"
"2012-09-12","2012","09","12","","15.7","","0.3","","8.0","","10.0","","0.0","","0.0","","0.0","","0.0","","0","","","","<31",""
"2012-09-13","2012","09","13","","21.0","","2.9","","12.0","","6.0","","0.0","","0.0","","0.0","","0.0","","0","","","","<31",""
"2012-09-14","2012","09","14","","16.5","","6.2","","11.4","","6.6","","0.0","","0.2","","0.0","","0.2","","0","","30","E","52","E"
"2012-09-15","2012","09","15","","17.7","","-0.5","","8.6","","9.4","","0.0","","0.0","","0.0","","0.0","","0","","24","E","37","E"
"2012-09-16","2012","09","16","","18.4","","2.4","","10.4","","7.6","","0.0","","0.0","","0.0","","0.0","","0","","","","<31",""
"2012-09-17","2012","09","17","","27.1","","4.1","","15.6","","2.4","","0.0","","0.0","","0.0","","0.0","","0","","","","<31",""
"2012-09-18","2012","09","18","","19.7","","7.7","","13.7","","4.3","","0.0","","0.0","","0.0","","0.0","","0","","28","E","48","E"
"2012-09-19","2012","09","19","","20.8","","2.2","","11.5","","6.5","","0.0","","0.0","","0.0","","0.0","","0","","30","E","43","E"
"2012-09-20","2012","09","20","","27.4","","3.8","","15.6","","2.4","","0.0","","0.0","","0.0","","0.0","","0","","28","E","33","E"
"2012-09-21","2012","09","21","","28.6","","5.7","","17.2","","0.8","","0.0","","0.0","","0.0","","0.0","","0","","","","<31",""
"2012-09-22","2012","09","22","","25.3","","9.3","","17.3","","0.7","","0.0","","0.0","","0.0","","0.0","","0","","","","<31",""
"2012-09-23","2012","09","23","","28.9","","6.1","","17.5","","0.5","","0.0","","0.0","","0.0","","0.0","","0","","","","<31",""
"2012-09-24","2012","09","24","","19.7","","12.8","","16.3","","1.7","","0.0","","0.0","T","0.0","","0.0","T","0","","27","E","32","E"
"2012-09-25","2012","09","25","","18.4","","3.5","","11.0","","7.0","","0.0","","0.0","","0.0","","0.0","","0","","28","","39",""
"2012-09-26","2012","09","26","","19.9","","-0.3","","9.8","","8.2","","0.0","","0.0","","0.0","","0.0","","0","","","","<31",""
"2012-09-27","2012","09","27","","26.4","","8.1","","17.3","","0.7","","0.0","","0.0","T","0.0","","0.0","T","0","","32","E","56","E"
"2012-09-28","2012","09","28","","15.0","","2.2","","8.6","","9.4","","0.0","","0.0","T","0.0","","0.0","T","0","","","","<31",""
"2012-09-29","2012","09","29","","15.3","","-0.3","","7.5","","10.5","","0.0","","0.0","","0.0","","0.0","","0","","","","<31",""
"2012-09-30","2012","09","30","","16.2","","-1.1","","7.6","","10.4","","0.0","","0.0","","0.0","","0.0","","0","","29","E","43","E"
"2012-10-01","2012","10","01","","9.7","","0.3","","5.0","","13.0","","0.0","","0.6","","0.0","","0.6","","0","","","","<31",""
"2012-10-02","2012","10","02","","7.8","","-1.2","","3.3","","14.7","","0.0","","4.0","","0.0","","4.0","","0","","","","<31",""
"2012-10-03","2012","10","03","","10.1","","-2.8","","3.7","","14.3","","0.0","","0.0","","0.0","","0.0","","0","","","","<31",""
"2012-10-04","2012","10","04","","11.8","","-3.1","","4.4","","13.6","","0.0","","0.0","","0.0","","0.0","","0","","","","<31",""
"2012-10-05","2012","10","05","","21.2","","-0.6","","10.3","","7.7","","0.0","","0.0","","0.0","","0.0","","0","","30","E","39","E"
"2012-10-06","2012","10","06","","19.6","","5.1","","12.4","","5.6","","0.0","","0.0","","0.0","","0.0","","0","","","","<31",""
"2012-10-07","2012","10","07","","18.9","","2.6","","10.8","","7.2","","0.0","","0.0","","0.0","","0.0","","0","","29","E","43","E"
"2012-10-08","2012","10","08","","8.0","","0.6","","4.3","","13.7","","0.0","","0.0","","0.0","","0.0","","0","","","","<31",""
"2012-10-09","2012","10","09","","8.1","","-2.1","","3.0","","15.0","","0.0","","3.4","","2.2","","5.4","","0","","32","E","41","E"
"2012-10-10","2012","10","10","","-2.1","","-4.4","","-3.3","","21.3","","0.0","","0.0","","1.8","","1.6","","0","T","33","E","33","E"
"2012-10-11","2012","10","11","","-2.4","","-5.7","","-4.1","","22.1","","0.0","","0.0","","2.6","","2.0","","0","T","","","<31",""
"2012-10-12","2012","10","12","","-3.2","","-6.6","","-4.9","","22.9","","0.0","","0.0","","1.8","","1.4","","2","","","","<31",""
"2012-10-13","2012","10","13","","-1.3","","-5.8","","-3.6","","21.6","","0.0","","0.0","","0.0","","0.0","","4","","","","<31",""
"2012-10-14","2012","10","14","","0.2","","-8.7","","-4.3","","22.3","","0.0","","1.2","","0.0","","1.2","","4","","","","<31",""
"2012-10-15","2012","10","15","","-0.6","","-3.3","","-2.0","","20.0","","0.0","","0.0","","0.0","","0.0","","2","","","","<31",""
"2012-10-16","2012","10","16","","0.7","","-1.7","","-0.5","","18.5","","0.0","","1.4","","1.8","","3.2","","2","","","","<31",""
"2012-10-17","2012","10","17","","5.9","","-2.8","","1.6","","16.4","","0.0","","0.0","","0.0","T","0.0","T","3","","","","<31",""
"2012-10-18","2012","10","18","","5.4","","-3.2","","1.1","","16.9","","0.0","","0.0","","0.0","","0.0","","0","T","","","<31",""
"2012-10-19","2012","10","19","","-0.1","","-3.7","","-1.9","","19.9","","0.0","","0.0","","1.0","","1.0","","0","T","","","<31",""
"2012-10-20","2012","10","20","","-0.2","","-7.4","","-3.8","","21.8","","0.0","","0.0","","5.6","","5.0","","3","","32","E","33","E"
"2012-10-21","2012","10","21","","-3.4","","-6.0","","-4.7","","22.7","","0.0","","0.0","","5.6","","4.4","","6","","30","E","43","E"
"2012-10-22","2012","10","22","","-3.2","","-4.8","","-4.0","","22.0","","0.0","","0.0","","7.2","","5.6","","13","","31","E","43","E"
"2012-10-23","2012","10","23","","-2.9","","-6.1","","-4.5","","22.5","","0.0","","0.0","","3.6","","1.6","","15","","","","<31",""
"2012-10-24","2012","10","24","","-5.4","","-7.6","","-6.5","","24.5","","0.0","","0.0","","2.6","","1.8","","18","","","","<31",""
"2012-10-25","2012","10","25","","-6.4","","-14.1","","-10.3","","28.3","","0.0","","0.0","","1.4","","0.8","","21","","","","<31",""
"2012-10-26","2012","10","26","","-8.1","","-10.2","","-9.2","","27.2","","0.0","","0.0","","1.2","","1.0","","21","","","","<31",""
"2012-10-27","2012","10","27","","-8.9","","-12.2","","-10.6","","28.6","","0.0","","0.0","","0.0","T","0.0","T","22","","","","<31",""
"2012-10-28","2012","10","28","","-9.3","","-14.4","","-11.9","","29.9","","0.0","","0.0","","1.0","","0.6","","23","","","","<31",""
"2012-10-29","2012","10","29","","-10.2","","-15.6","","-12.9","","30.9","","0.0","","0.0","","0.0","","0.0","","23","","","","<31",""
"2012-10-30","2012","10","30","","-11.0","","-22.4","","-16.7","","34.7","","0.0","","0.0","","0.0","","0.0","","23","","","","<31",""
"2012-10-31","2012","10","31","","-13.4","","-26.2","","-19.8","","37.8","","0.0","","0.0","","0.0","","0.0","","23","","","","<31",""
"2012-11-01","2012","11","01","","-11.2","","-16.0","","-13.6","","31.6","","0.0","","0.0","","0.0","T","0.0","T","23","","","","",""
"2012-11-02","2012","11","02","","-10.8","","-13.0","","-11.9","","29.9","","0.0","","0.0","","0.2","","0.0","T","22","","","","",""
"2012-11-03","2012","11","03","","-9.4","","-16.3","","-12.9","","30.9","","0.0","","0.0","","0.0","T","0.0","T","21","","","","",""
"2012-11-04","2012","11","04","","-10.2","","-19.0","","-14.6","","32.6","","0.0","","0.0","T","0.0","T","0.0","T","21","","","","",""
"2012-11-05","2012","11","05","","-6.9","","-11.7","","-9.3","","27.3","","0.0","","0.0","","0.0","","0.0","","21","","","","",""
"2012-11-06","2012","11","06","","-5.9","","-18.5","","-12.2","","30.2","","0.0","","0.0","","0.0","","0.0","","21","","","","",""
"2012-11-07","2012","11","07","","-9.1","","-11.0","","-10.1","","28.1","","0.0","","0.0","","6.5","","2.4","","24","","","","",""
"2012-11-08","2012","11","08","","","","","","","","","","","","","","","","","","","","","","",""
"2012-11-09","2012","11","09","†","-9.4","","-20.9","","-15.2","","33.2","","0.0","","0.0","","0.0","T","0.0","T","27","","","","<31",""
"2012-11-10","2012","11","10","†","-14.0","","-24.6","","-19.3","","37.3","","0.0","","0.0","","0.0","","0.0","","27","","","","<31",""
"2012-11-11","2012","11","11","","","","","","","","","","","","","","","","","","","","","","",""
"2012-11-12","2012","11","12","†","-8.1","","-12.3","","-10.2","","28.2","","0.0","","","M","6.0","","3.0","","27","","","","<31",""
"2012-11-13","2012","11","13","","","","","","","","","","","","","","","","","","","","","","",""
"2012-11-14","2012","11","14","†","-11.3","","-24.4","","-17.9","","35.9","","0.0","","0.0","","0.0","T","0.0","T","31","","32","","35",""
"2012-11-15","2012","11","15","","","","","","","","","","","","","","","","","","","","","","",""
"2012-11-16","2012","11","16","","","","","","","","","","","","","","","","","","","","","","",""
"2012-11-17","2012","11","17","","","","","","","","","","","","","","","","","","","","","","",""
"2012-11-18","2012","11","18","","","","","","","","","","","","","","","","","","","","","","",""
"2012-11-19","2012","11","19","","","","","","","","","","","","","","","","","","","","","","",""
"2012-11-20","2012","11","20","","","","","","","","","","","","","","","","","","","","","","",""
"2012-11-21","2012","11","21","","","","","","","","","","","","","","","","","","","","","","",""
"2012-11-22","2012","11","22","","","","","","","","","","","","","","","","","","","","","","",""
"2012-11-23","2012","11","23","","","","","","","","","","","","","","","","","","","","","","",""
"2012-11-24","2012","11","24","","","","","","","","","","","","","","","","","","","","","","",""
"2012-11-25","2012","11","25","","","","","","","","","","","","","","","","","","","","","","",""
"2012-11-26","2012","11","26","","","","","","","","","","","","","","","","","","","","","","",""
"2012-11-27","2012","11","27","","","","","","","","","","","","","","","","","","","","","","",""
"2012-11-28","2012","11","28","","","","","","","","","","","","","","","","","","","","","","",""
"2012-11-29","2012","11","29","","","","","","","","","","","","","","","","","","","","","","",""
"2012-11-30","2012","11","30","","","","","","","","","","","","","","","","","","","","","","",""
"2012-12-01","2012","12","01","","","","","","","","","","","","","","","","","","","","","","",""
"2012-12-02","2012","12","02","","","","","","","","","","","","","","","","","","","","","","",""
"2012-12-03","2012","12","03","","","","","","","","","","","","","","","","","","","","","","",""
"2012-12-04","2012","12","04","","","","","","","","","","","","","","","","","","","","","","",""
"2012-12-05","2012","12","05","","","","","","","","","","","","","","","","","","","","","","",""
"2012-12-06","2012","12","06","","","","","","","","","","","","","","","","","","","","","","",""
"2012-12-07","2012","12","07","","","","","","","","","","","","","","","","","","","","","","",""
"2012-12-08","2012","12","08","","","","","","","","","","","","","","","","","","","","","","",""
"2012-12-09","2012","12","09","","","","","","","","","","","","","","","","","","","","","","",""
"2012-12-10","2012","12","10","","","","","","","","","","","","","","","","","","","","","","",""
"2012-12-11","2012","12","11","","","","","","","","","","","","","","","","","","","","","","",""
"2012-12-12","2012","12","12","","","","","","","","","","","","","","","","","","","","","","",""
"2012-12-13","2012","12","13","","","","","","","","","","","","","","","","","","","","","","",""
"2012-12-14","2012","12","14","","","","","","","","","","","","","","","","","","","","","","",""
"2012-12-15","2012","12","15","","","","","","","","","","","","","","","","","","","","","","",""
"2012-12-16","2012","12","16","","","","","","","","","","","","","","","","","","","","","","",""
"2012-12-17","2012","12","17","","","","","","","","","","","","","","","","","","","","","","",""
"2012-12-18","2012","12","18","","","","","","","","","","","","","","","","","","","","","","",""
"2012-12-19","2012","12","19","","","","","","","","","","","","","","","","","","","","","","",""
"2012-12-20","2012","12","20","","","","","","","","","","","","","","","","","","","","","","",""
"2012-12-21","2012","12","21","","","","","","","","","","","","","","","","","","","","","","",""
"2012-12-22","2012","12","22","","","","","","","","","","","","","","","","","","","","","","",""
"2012-12-23","2012","12","23","","","","","","","","","","","","","","","","","","","","","","",""
"2012-12-24","2012","12","24","","","","","","","","","","","","","","","","","","","","","","",""
"2012-12-25","2012","12","25","","","","","","","","","","","","","","","","","","","","","","",""
"2012-12-26","2012","12","26","","","","","","","","","","","","","","","","","","","","","","",""
"2012-12-27","2012","12","27","","","","","","","","","","","","","","","","","","","","","","",""
"2012-12-28","2012","12","28","","","","","","","","","","","","","","","","","","","","","","",""
"2012-12-29","2012","12","29","","","","","","","","","","","","","","","","","","","","","","",""
"2012-12-30","2012","12","30","","","","","","","","","","","","","","","","","","","","","","",""
"2012-12-31","2012","12","31","","","","","","","","","","","","","","","","","","","","","","",""
