"Station Name","GERMANSEN LANDING"
"Province","BRITISH COLUMBIA"
"Latitude","55.79"
"Longitude","-124.70"
"Elevation","766.00"
"Climate Identifier","1183090"
"WMO Identifier",""
"TC Identifier",""

"Legend"
"A","Accumulated"
"C","Precipitation occurred, amount uncertain"
"E","Estimated"
"F","Accumulated and estimated"
"L","Precipitation may or may not have occurred"
"M","Missing"
"N","Temperature missing but known to be > 0"
"S","More than one occurrence"
"T","Trace"
"Y","Temperature missing but known to be < 0"
"[empty]","No data available"
"^","The value displayed is based on incomplete data"
"†","Data for this day has undergone only preliminary quality checking"
"‡","Partner data that is not subject to review by the National Climate Archives"

"Date/Time","Year","Month","Day","Data Quality","Max Temp (°C)","Max Temp Flag","Min Temp (°C)","Min Temp Flag","Mean Temp (°C)","Mean Temp Flag","Heat Deg Days (°C)","Heat Deg Days Flag","Cool Deg Days (°C)","Cool Deg Days Flag","Total Rain (mm)","Total Rain Flag","Total Snow (cm)","Total Snow Flag","Total Precip (mm)","Total Precip Flag","Snow on Grnd (cm)","Snow on Grnd Flag","Dir of Max Gust (10s deg)","Dir of Max Gust Flag","Spd of Max Gust (km/h)","Spd of Max Gust Flag"
"2013-01-01","2013","01","01","†","-9.6","","-20.9","","-15.3","","33.3","","0.0","","0.0","","0.0","","0.0","","58","","","","",""
"2013-01-02","2013","01","02","†","-8.3","","-18.5","","-13.4","","31.4","","0.0","","0.0","","0.0","T","0.0","T","57","","","","",""
"2013-01-03","2013","01","03","†","-6.1","","-13.0","","-9.6","","27.6","","0.0","","0.0","","0.0","","0.0","","57","","","","",""
"2013-01-04","2013","01","04","†","-4.8","","-12.2","","-8.5","","26.5","","0.0","","0.0","","0.0","","0.0","","57","","","","",""
"2013-01-05","2013","01","05","†","-5.1","","-15.3","","-10.2","","28.2","","0.0","","0.0","","4.4","","3.9","","56","","","","",""
"2013-01-06","2013","01","06","†","-6.5","","-14.3","","-10.4","","28.4","","0.0","","0.0","","2.3","","2.3","","61","","","","",""
"2013-01-07","2013","01","07","†","-6.7","","-15.1","","-10.9","","28.9","","0.0","","0.0","","2.5","","2.2","","63","","","","",""
"2013-01-08","2013","01","08","†","-11.2","","-19.4","","-15.3","","33.3","","0.0","","0.0","","0.0","","0.0","","63","","","","",""
"2013-01-09","2013","01","09","†","-13.7","","-21.0","","-17.4","","35.4","","0.0","","0.0","","0.0","","0.0","","63","","","","",""
"2013-01-10","2013","01","10","†","-17.4","","-25.0","","-21.2","","39.2","","0.0","","0.0","","0.0","","0.0","","60","","","","",""
"2013-01-11","2013","01","11","†","-22.6","","-32.3","","-27.5","","45.5","","0.0","","0.0","","0.0","","0.0","","60","","","","",""
"2013-01-12","2013","01","12","†","-24.2","","-32.6","","-28.4","","46.4","","0.0","","0.0","","0.0","T","0.0","T","60","","","","",""
"2013-01-13","2013","01","13","†","-15.2","","-29.5","","-22.4","","40.4","","0.0","","0.0","","0.0","T","0.0","T","60","","","","",""
"2013-01-14","2013","01","14","†","-6.5","","-17.2","","-11.9","","29.9","","0.0","","0.0","","0.0","","0.0","","60","","","","",""
"2013-01-15","2013","01","15","†","-2.0","","-13.8","","-7.9","","25.9","","0.0","","0.0","","0.0","","0.0","","58","","","","",""
"2013-01-16","2013","01","16","†","3.4","","-6.2","","-1.4","","19.4","","0.0","","0.0","","0.2","","0.0","T","58","","","","",""
"2013-01-17","2013","01","17","†","4.8","","-3.4","","0.7","","17.3","","0.0","","0.6","","0.2","","0.6","","58","","","","",""
"2013-01-18","2013","01","18","†","3.7","","-4.2","","-0.3","","18.3","","0.0","","0.0","","0.0","","0.0","","55","","","","",""
"2013-01-19","2013","01","19","†","-3.9","","-12.2","","-8.1","","26.1","","0.0","","0.0","","0.0","","0.0","","55","","","","",""
"2013-01-20","2013","01","20","†","-6.0","","-10.1","","-8.1","","26.1","","0.0","","0.0","","0.0","","0.0","","55","","","","",""
"2013-01-21","2013","01","21","†","-6.8","","-12.4","","-9.6","","27.6","","0.0","","0.0","","0.0","","0.0","","54","","","","",""
"2013-01-22","2013","01","22","†","-5.6","","-15.7","","-10.7","","28.7","","0.0","","0.0","","1.6","","2.2","","53","","","","",""
"2013-01-23","2013","01","23","†","-6.0","","-10.1","","-8.1","","26.1","","0.0","","0.0","","0.5","","0.5","","55","","","","",""
"2013-01-24","2013","01","24","†","-7.4","","-18.4","","-12.9","","30.9","","0.0","","0.0","","1.5","","1.4","","56","","","","",""
"2013-01-25","2013","01","25","†","-4.2","","-11.5","","-7.9","","25.9","","0.0","","0.0","","0.0","","0.0","","58","","","","",""
"2013-01-26","2013","01","26","†","-6.0","","-13.7","","-9.9","","27.9","","0.0","","0.0","","0.0","","0.0","","58","","","","",""
"2013-01-27","2013","01","27","†","-5.9","","-12.0","","-9.0","","27.0","","0.0","","0.0","","1.2","","0.3","","55","","","","",""
"2013-01-28","2013","01","28","†","-10.5","","-18.2","","-14.4","","32.4","","0.0","","0.0","","5.5","","3.8","","55","","","","",""
"2013-01-29","2013","01","29","†","-16.5","","-19.2","","-17.9","","35.9","","0.0","","0.0","","2.0","","1.6","","62","","","","",""
"2013-01-30","2013","01","30","†","-10.8","","-23.0","","-16.9","","34.9","","0.0","","0.0","","2.4","","2.0","","65","","","","",""
"2013-01-31","2013","01","31","†","-3.0","","-14.0","","-8.5","","26.5","","0.0","","0.0","","0.0","","0.0","","67","","","","",""
"2013-02-01","2013","02","01","†","4.0","","-13.5","","-4.8","","22.8","","0.0","","0.0","T","0.0","","0.0","T","65","","","","",""
"2013-02-02","2013","02","02","†","0.6","","-5.0","","-2.2","","20.2","","0.0","","0.0","","0.2","","0.2","","62","","","","",""
"2013-02-03","2013","02","03","†","0.1","","-5.0","","-2.5","","20.5","","0.0","","0.0","","0.4","","0.3","","65","","","","",""
"2013-02-04","2013","02","04","†","-0.2","","-12.0","","-6.1","","24.1","","0.0","","0.0","","2.8","","2.0","","62","","","","",""
"2013-02-05","2013","02","05","†","-3.6","","-13.0","","-8.3","","26.3","","0.0","","0.0","","10.7","","4.8","","65","","","","",""
"2013-02-06","2013","02","06","†","-1.8","","-7.1","","-4.5","","22.5","","0.0","","0.0","","0.0","","0.0","","75","","","","",""
"2013-02-07","2013","02","07","†","-2.4","","-11.0","","-6.7","","24.7","","0.0","","0.0","","0.0","","0.0","","75","","","","",""
"2013-02-08","2013","02","08","†","-3.0","","-16.3","","-9.7","","27.7","","0.0","","0.0","","0.0","T","0.0","T","72","","","","",""
"2013-02-09","2013","02","09","†","3.0","","-13.2","","-5.1","","23.1","","0.0","","0.0","","0.0","","0.0","","70","","","","",""
"2013-02-10","2013","02","10","†","0.4","","-16.6","","-8.1","","26.1","","0.0","","0.0","","0.0","T","0.0","T","67","","","","",""
"2013-02-11","2013","02","11","†","3.0","","-9.5","","-3.3","","21.3","","0.0","","0.0","","0.8","","0.6","","67","","","","",""
"2013-02-12","2013","02","12","","","","","","","","","","","","","","","","","","","","","","",""
"2013-02-13","2013","02","13","","","","","","","","","","","","","","","","","","","","","","",""
"2013-02-14","2013","02","14","†","-2.0","","-13.5","","-7.8","","25.8","","0.0","","0.0","","0.0","","0.0","","65","","","","",""
"2013-02-15","2013","02","15","†","7.0","","-6.6","","0.2","","17.8","","0.0","","0.0","","0.0","T","0.0","T","66","","","","",""
"2013-02-16","2013","02","16","†","5.0","","-3.0","","1.0","","17.0","","0.0","","0.0","","0.0","","0.0","","62","","","","",""
"2013-02-17","2013","02","17","†","-0.4","","-17.5","","-9.0","","27.0","","0.0","","0.0","","0.8","","0.6","","61","","","","",""
"2013-02-18","2013","02","18","†","4.6","","-9.2","","-2.3","","20.3","","0.0","","0.0","","0.4","","0.4","","62","","","","",""
"2013-02-19","2013","02","19","†","-0.8","","-11.2","","-6.0","","24.0","","0.0","","0.0","","0.0","T","0.0","T","62","","","","",""
"2013-02-20","2013","02","20","†","1.5","","-5.8","","-2.2","","20.2","","0.0","","0.0","","0.0","","0.0","","62","","","","",""
"2013-02-21","2013","02","21","†","1.5","","-4.9","","-1.7","","19.7","","0.0","","0.0","","2.5","","2.0","","62","","","","",""
"2013-02-22","2013","02","22","†","3.0","","-7.2","","-2.1","","20.1","","0.0","","0.0","","0.4","","1.0","","65","","","","",""
"2013-02-23","2013","02","23","†","2.0","","-15.4","","-6.7","","24.7","","0.0","","0.0","","0.0","T","0.0","T","65","","","","",""
"2013-02-24","2013","02","24","†","2.8","","-6.0","","-1.6","","19.6","","0.0","","0.0","","0.0","","0.0","","63","","","","",""
"2013-02-25","2013","02","25","†","0.2","","-13.2","","-6.5","","24.5","","0.0","","0.0","","0.0","","0.0","","65","","","","",""
"2013-02-26","2013","02","26","†","-0.3","","-16.5","","-8.4","","26.4","","0.0","","0.0","","0.8","","1.0","","65","","","","",""
"2013-02-27","2013","02","27","†","3.0","","-11.6","","-4.3","","22.3","","0.0","","0.0","","0.0","T","0.0","T","62","","","","",""
"2013-02-28","2013","02","28","†","2.5","","-12.1","","-4.8","","22.8","","0.0","","0.0","","1.2","","1.4","","65","","","","",""
"2013-03-01","2013","03","01","†","2.0","","-15.4","","-6.7","","24.7","","0.0","","0.0","","0.0","T","0.0","T","62","","","","",""
"2013-03-02","2013","03","02","†","0.8","","-10.6","","-4.9","","22.9","","0.0","","0.0","","0.0","","0.0","","65","","","","",""
"2013-03-03","2013","03","03","†","1.5","","-15.2","","-6.9","","24.9","","0.0","","0.0","","0.0","T","0.0","T","65","","","","",""
"2013-03-04","2013","03","04","†","2.8","","-8.0","","-2.6","","20.6","","0.0","","0.0","","0.0","","0.0","","65","","","","",""
"2013-03-05","2013","03","05","†","0.0","","-21.5","","-10.8","","28.8","","0.0","","0.0","","0.0","","0.0","","65","","","","",""
"2013-03-06","2013","03","06","†","-0.2","","-24.0","","-12.1","","30.1","","0.0","","0.0","","0.0","","0.0","","63","","","","",""
"2013-03-07","2013","03","07","†","0.5","","-21.8","","-10.7","","28.7","","0.0","","0.0","","0.0","","0.0","","63","","","","",""
"2013-03-08","2013","03","08","†","4.0","","-19.2","","-7.6","","25.6","","0.0","","0.0","","0.0","","0.0","","60","","","","",""
"2013-03-09","2013","03","09","†","4.6","","-15.5","","-5.5","","23.5","","0.0","","0.0","","0.0","","0.0","","60","","","","",""
"2013-03-10","2013","03","10","†","2.8","","-7.0","","-2.1","","20.1","","0.0","","0.0","","0.0","","0.0","","60","","","","",""
"2013-03-11","2013","03","11","†","2.4","","-14.7","","-6.2","","24.2","","0.0","","0.0","","0.0","","0.0","","60","","","","",""
"2013-03-12","2013","03","12","†","-0.7","","-12.0","","-6.4","","24.4","","0.0","","0.0","","5.6","","8.6","","60","","","","",""
"2013-03-13","2013","03","13","†","-6.5","","-14.0","","-10.3","","28.3","","0.0","","0.0","","0.9","","1.5","","70","","","","",""
"2013-03-14","2013","03","14","†","-9.5","","-12.8","","-11.2","","29.2","","0.0","","0.0","","4.6","","5.2","","72","","","","",""
"2013-03-15","2013","03","15","†","-8.2","","-13.2","","-10.7","","28.7","","0.0","","0.0","","1.6","","2.0","","80","","","","",""
"2013-03-16","2013","03","16","†","1.6","","-11.0","","-4.7","","22.7","","0.0","","0.0","","0.0","T","0.0","T","0","","","","",""
"2013-03-17","2013","03","17","†","0.2","","-14.0","","-6.9","","24.9","","0.0","","0.0","","6.5","","1.8","","78","","","","",""
"2013-03-18","2013","03","18","†","1.2","","-13.6","","-6.2","","24.2","","0.0","","0.0","","0.0","T","0.0","T","82","","","","",""
"2013-03-19","2013","03","19","†","0.8","","-17.0","","-8.1","","26.1","","0.0","","0.0","","3.0","","3.0","","80","","","","",""
"2013-03-20","2013","03","20","†","1.2","","-4.2","","-1.5","","19.5","","0.0","","0.0","","5.0","","5.8","","82","","","","",""
"2013-03-21","2013","03","21","†","2.0","","-8.1","","-3.1","","21.1","","0.0","","0.0","","0.0","","0.0","","85","","","","",""
"2013-03-22","2013","03","22","†","1.2","","-21.0","","-9.9","","27.9","","0.0","","0.0","","0.0","","0.0","","82","","","","",""
"2013-03-23","2013","03","23","†","3.0","","-22.5","","-9.8","","27.8","","0.0","","0.0","","0.0","","0.0","","82","","","","",""
"2013-03-24","2013","03","24","†","6.5","","-20.8","","-7.2","","25.2","","0.0","","0.0","","0.0","","0.0","","82","","","","",""
"2013-03-25","2013","03","25","†","9.2","","-13.2","","-2.0","","20.0","","0.0","","0.0","","0.0","T","0.0","T","82","","","","",""
"2013-03-26","2013","03","26","†","8.8","","-8.2","","0.3","","17.7","","0.0","","0.0","","0.0","","0.0","","76","","","","",""
"2013-03-27","2013","03","27","†","10.5","","-10.0","","0.3","","17.7","","0.0","","0.0","","0.0","","0.0","","70","","","","",""
"2013-03-28","2013","03","28","†","10.0","","-10.8","","-0.4","","18.4","","0.0","","0.0","","0.0","","0.0","","68","","","","",""
"2013-03-29","2013","03","29","†","10.3","","-12.2","","-1.0","","19.0","","0.0","","0.0","","0.0","","0.0","","66","","","","",""
"2013-03-30","2013","03","30","†","10.6","","-4.6","","3.0","","15.0","","0.0","","0.0","","0.0","","0.0","","66","","","","",""
"2013-03-31","2013","03","31","†","12.6","","-6.0","","3.3","","14.7","","0.0","","0.0","","0.0","","0.0","","64","","","","",""
"2013-04-01","2013","04","01","†","13.4","","-7.5","","3.0","","15.0","","0.0","","0.0","","0.0","","0.0","","62","","","","",""
"2013-04-02","2013","04","02","†","6.5","","-2.2","","2.2","","15.8","","0.0","","0.0","","0.0","","0.0","","60","","","","",""
"2013-04-03","2013","04","03","†","8.0","","-10.1","","-1.1","","19.1","","0.0","","0.0","","0.0","","0.0","","58","","","","",""
"2013-04-04","2013","04","04","†","7.4","","-2.1","","2.7","","15.3","","0.0","","0.0","T","0.2","","0.3","","55","","","","",""
"2013-04-05","2013","04","05","†","1.4","","-9.2","","-3.9","","21.9","","0.0","","0.0","","0.6","","1.4","","50","","","","",""
"2013-04-06","2013","04","06","†","1.6","","-7.0","","-2.7","","20.7","","0.0","","1.2","","3.0","","4.2","","50","","","","",""
"2013-04-07","2013","04","07","†","3.0","","-5.0","","-1.0","","19.0","","0.0","","0.0","","0.0","","0.0","","53","","","","",""
"2013-04-08","2013","04","08","†","4.2","","-13.1","","-4.5","","22.5","","0.0","","0.0","","0.0","","0.0","","53","","","","",""
"2013-04-09","2013","04","09","†","6.2","","-8.0","","-0.9","","18.9","","0.0","","1.8","","0.3","","3.9","","52","","","","",""
"2013-04-10","2013","04","10","†","8.2","","-1.0","","3.6","","14.4","","0.0","","2.9","","0.0","","2.9","","54","","","","",""
"2013-04-11","2013","04","11","†","4.4","","-6.5","","-1.1","","19.1","","0.0","","0.0","","0.3","","0.2","","57","","","","",""
"2013-04-12","2013","04","12","†","3.7","","-5.2","","-0.8","","18.8","","0.0","","0.0","","3.4","","2.4","","56","","","","",""
"2013-04-13","2013","04","13","†","5.3","","-5.0","","0.2","","17.8","","0.0","","0.0","","0.0","","0.0","","59","","","","",""
"2013-04-14","2013","04","14","†","5.0","","-7.8","","-1.4","","19.4","","0.0","","0.0","","0.0","","0.0","","56","","","","",""
"2013-04-15","2013","04","15","†","5.4","","-7.4","","-1.0","","19.0","","0.0","","0.0","","0.0","","0.0","","55","","","","",""
"2013-04-16","2013","04","16","†","9.0","","-9.8","","-0.4","","18.4","","0.0","","0.0","","0.0","","0.0","","54","","","","",""
"2013-04-17","2013","04","17","†","14.0","","-1.0","","6.5","","11.5","","0.0","","0.0","T","0.0","","0.0","T","52","","","","",""
"2013-04-18","2013","04","18","†","7.9","","-2.8","","2.6","","15.4","","0.0","","1.2","","0.0","","1.2","","50","","","","",""
"2013-04-19","2013","04","19","†","9.0","","-0.2","","4.4","","13.6","","0.0","","0.0","","0.0","","0.0","","46","","","","",""
"2013-04-20","2013","04","20","†","2.2","","-4.4","","-1.1","","19.1","","0.0","","0.0","","0.0","","0.0","","42","","","","",""
"2013-04-21","2013","04","21","†","8.5","","-11.8","","-1.7","","19.7","","0.0","","0.0","","0.0","","0.0","","41","","","","",""
"2013-04-22","2013","04","22","†","11.5","","-9.4","","1.1","","16.9","","0.0","","0.0","","0.0","","0.0","","41","","","","",""
"2013-04-23","2013","04","23","†","13.1","","-1.8","","5.7","","12.3","","0.0","","0.0","","0.0","","0.0","","37","","","","",""
"2013-04-24","2013","04","24","†","13.8","","-0.6","","6.6","","11.4","","0.0","","0.0","T","0.0","","0.0","T","28","","","","",""
"2013-04-25","2013","04","25","†","13.0","","3.1","","8.1","","9.9","","0.0","","0.0","T","0.0","","0.0","T","19","","","","",""
"2013-04-26","2013","04","26","†","12.1","","4.8","","8.5","","9.5","","0.0","","0.2","","1.2","","1.6","","12","","","","",""
"2013-04-27","2013","04","27","†","6.9","","0.8","","3.9","","14.1","","0.0","","0.0","","0.0","T","0.0","T","1","","","","",""
"2013-04-28","2013","04","28","†","4.6","","-1.2","","1.7","","16.3","","0.0","","0.0","","0.0","","0.0","","0","","","","",""
"2013-04-29","2013","04","29","†","3.2","","-3.0","","0.1","","17.9","","0.0","","0.0","T","9.0","","6.6","","0","","","","",""
"2013-04-30","2013","04","30","†","6.2","","-4.2","","1.0","","17.0","","0.0","","0.0","","0.0","","0.0","","16","","","","",""
"2013-05-01","2013","05","01","†","3.6","","-5.4","","-0.9","","18.9","","0.0","","0.4","","0.0","","0.4","","0","","","","",""
"2013-05-02","2013","05","02","†","13.2","","0.9","","7.1","","10.9","","0.0","","0.0","T","0.0","","0.0","T","0","","","","",""
"2013-05-03","2013","05","03","†","17.3","","-1.4","","8.0","","10.0","","0.0","","0.0","T","0.0","","0.0","T","0","","","","",""
"2013-05-04","2013","05","04","†","19.3","","0.9","","10.1","","7.9","","0.0","","0.0","","0.0","","0.0","","0","","","","",""
"2013-05-05","2013","05","05","†","23.4","","-1.6","","10.9","","7.1","","0.0","","0.0","","0.0","","0.0","","0","","","","",""
"2013-05-06","2013","05","06","†","19.4","","2.0","","10.7","","7.3","","0.0","","0.0","","0.0","","0.0","","0","","","","",""
"2013-05-07","2013","05","07","†","21.2","","-2.6","","9.3","","8.7","","0.0","","0.0","","0.0","","0.0","","0","","","","",""
"2013-05-08","2013","05","08","†","23.4","","-1.9","","10.8","","7.2","","0.0","","0.0","","0.0","","0.0","","0","","","","",""
"2013-05-09","2013","05","09","†","23.1","","-2.2","","10.5","","7.5","","0.0","","0.0","","0.0","","0.0","","0","","","","",""
"2013-05-10","2013","05","10","†","24.0","","-1.5","","11.3","","6.7","","0.0","","0.0","","0.0","","0.0","","0","","","","",""
"2013-05-11","2013","05","11","†","14.8","","4.6","","9.7","","8.3","","0.0","","3.6","","0.0","","3.6","","0","","","","",""
"2013-05-12","2013","05","12","†","16.5","","6.5","","11.5","","6.5","","0.0","","4.7","","0.0","","4.7","","0","","","","",""
"2013-05-13","2013","05","13","†","14.0","","1.4","","7.7","","10.3","","0.0","","0.0","T","0.0","","0.0","T","0","","","","",""
"2013-05-14","2013","05","14","†","13.7","","-0.8","","6.5","","11.5","","0.0","","0.0","","0.0","","0.0","","0","","","","",""
"2013-05-15","2013","05","15","†","15.2","","-0.1","","7.6","","10.4","","0.0","","1.5","","0.0","","1.5","","0","","","","",""
"2013-05-16","2013","05","16","†","16.7","","-1.0","","7.9","","10.1","","0.0","","0.0","","0.0","","0.0","","0","","","","",""
"2013-05-17","2013","05","17","†","18.8","","-1.6","","8.6","","9.4","","0.0","","0.0","T","0.0","","0.0","T","0","","","","",""
"2013-05-18","2013","05","18","†","15.0","","1.0","","8.0","","10.0","","0.0","","0.6","","0.0","","0.6","","0","","","","",""
"2013-05-19","2013","05","19","†","13.5","","-0.8","","6.4","","11.6","","0.0","","0.0","","0.0","","0.0","","0","","","","",""
"2013-05-20","2013","05","20","†","14.4","","-0.8","","6.8","","11.2","","0.0","","4.3","","0.0","","4.3","","0","","","","",""
"2013-05-21","2013","05","21","†","9.9","","3.2","","6.6","","11.4","","0.0","","1.4","","0.0","","1.4","","0","","","","",""
"2013-05-22","2013","05","22","†","17.4","","2.6","","10.0","","8.0","","0.0","","0.0","","0.0","","0.0","","0","","","","",""
"2013-05-23","2013","05","23","†","22.8","","-0.7","","11.1","","6.9","","0.0","","0.0","","0.0","","0.0","","0","","","","",""
"2013-05-24","2013","05","24","†","18.1","","7.8","","13.0","","5.0","","0.0","","0.5","","0.0","","0.5","","0","","","","",""
"2013-05-25","2013","05","25","†","24.0","","3.3","","13.7","","4.3","","0.0","","0.0","","0.0","","0.0","","0","","","","",""
"2013-05-26","2013","05","26","†","22.5","","1.0","","11.8","","6.2","","0.0","","1.4","","0.0","","1.4","","0","","","","",""
"2013-05-27","2013","05","27","†","18.0","","6.0","","12.0","","6.0","","0.0","","1.0","","0.0","","1.0","","0","","","","",""
"2013-05-28","2013","05","28","†","19.5","","3.8","","11.7","","6.3","","0.0","","6.7","","0.0","","6.7","","0","","","","",""
"2013-05-29","2013","05","29","†","17.4","","8.8","","13.1","","4.9","","0.0","","8.5","","0.0","","8.5","","0","","","","",""
"2013-05-30","2013","05","30","†","15.0","","8.6","","11.8","","6.2","","0.0","","13.4","","0.0","","13.4","","0","","","","",""
"2013-05-31","2013","05","31","†","14.0","","7.9","","11.0","","7.0","","0.0","","6.1","","0.0","","6.1","","0","","","","",""
"2013-06-01","2013","06","01","†","16.9","","0.6","","8.8","","9.2","","0.0","","0.0","T","0.0","","0.0","T","0","","","","",""
"2013-06-02","2013","06","02","†","19.0","","0.3","","9.7","","8.3","","0.0","","0.3","","0.0","","0.3","","0","","","","",""
"2013-06-03","2013","06","03","†","19.8","","3.8","","11.8","","6.2","","0.0","","0.0","T","0.0","","0.0","T","0","","","","",""
"2013-06-04","2013","06","04","†","20.3","","2.9","","11.6","","6.4","","0.0","","0.0","T","0.0","","0.0","T","0","","","","",""
"2013-06-05","2013","06","05","†","15.7","","6.5","","11.1","","6.9","","0.0","","0.0","","0.0","","0.0","","0","","","","",""
"2013-06-06","2013","06","06","†","13.2","","2.0","","7.6","","10.4","","0.0","","1.5","","0.0","","1.5","","0","","","","",""
"2013-06-07","2013","06","07","†","17.0","","7.2","","12.1","","5.9","","0.0","","3.0","","0.0","","3.0","","0","","","","",""
"2013-06-08","2013","06","08","†","14.5","","6.0","","10.3","","7.7","","0.0","","8.4","","0.0","","8.4","","0","","","","",""
"2013-06-09","2013","06","09","†","17.3","","7.0","","12.2","","5.8","","0.0","","1.0","","0.0","","1.0","","0","","","","",""
"2013-06-10","2013","06","10","†","19.0","","4.5","","11.8","","6.2","","0.0","","0.2","","0.0","","0.2","","0","","","","",""
"2013-06-11","2013","06","11","†","16.0","","4.9","","10.5","","7.5","","0.0","","0.0","","0.0","","0.0","","0","","","","",""
"2013-06-12","2013","06","12","†","17.1","","7.1","","12.1","","5.9","","0.0","","0.2","","0.0","","0.2","","0","","","","",""
"2013-06-13","2013","06","13","†","21.0","","2.6","","11.8","","6.2","","0.0","","2.9","","0.0","","2.9","","0","","","","",""
"2013-06-14","2013","06","14","†","19.6","","8.8","","14.2","","3.8","","0.0","","7.0","","0.0","","7.0","","0","","","","",""
"2013-06-15","2013","06","15","†","23.1","","6.9","","15.0","","3.0","","0.0","","0.4","","0.0","","0.4","","0","","","","",""
"2013-06-16","2013","06","16","†","24.0","","6.9","","15.5","","2.5","","0.0","","0.0","","0.0","","0.0","","0","","","","",""
"2013-06-17","2013","06","17","†","25.4","","3.6","","14.5","","3.5","","0.0","","1.0","","0.0","","1.0","","0","","","","",""
"2013-06-18","2013","06","18","†","19.2","","10.0","","14.6","","3.4","","0.0","","9.8","","0.0","","9.8","","0","","","","",""
"2013-06-19","2013","06","19","†","16.6","","10.2","","13.4","","4.6","","0.0","","2.1","","0.0","","2.1","","0","","","","",""
"2013-06-20","2013","06","20","†","24.3","","10.6","","17.5","","0.5","","0.0","","0.0","","0.0","","0.0","","0","","","","",""
"2013-06-21","2013","06","21","†","28.8","","6.0","","17.4","","0.6","","0.0","","0.0","","0.0","","0.0","","0","","","","",""
"2013-06-22","2013","06","22","†","29.0","","9.2","","19.1","","0.0","","1.1","","0.9","","0.0","","0.9","","0","","","","",""
"2013-06-23","2013","06","23","†","28.1","","9.4","","18.8","","0.0","","0.8","","1.6","","0.0","","1.6","","0","","","","",""
"2013-06-24","2013","06","24","†","26.5","","8.8","","17.7","","0.3","","0.0","","0.2","","0.0","","0.2","","0","","","","",""
"2013-06-25","2013","06","25","†","19.6","","7.5","","13.6","","4.4","","0.0","","8.6","","0.0","","8.6","","0","","","","",""
"2013-06-26","2013","06","26","†","16.8","","12.3","","14.6","","3.4","","0.0","","5.6","","0.0","","5.6","","0","","","","",""
"2013-06-27","2013","06","27","†","21.4","","10.1","","15.8","","2.2","","0.0","","0.0","","0.0","","0.0","","0","","","","",""
"2013-06-28","2013","06","28","†","22.8","","8.4","","15.6","","2.4","","0.0","","7.9","","0.0","","7.9","","0","","","","",""
"2013-06-29","2013","06","29","†","24.9","","12.1","","18.5","","0.0","","0.5","","2.6","","0.0","","2.6","","0","","","","",""
"2013-06-30","2013","06","30","†","26.0","","9.4","","17.7","","0.3","","0.0","","3.4","","0.0","","3.4","","0","","","","",""
"2013-07-01","2013","07","01","†","26.8","","10.8","","18.8","","0.0","","0.8","","1.5","","0.0","","1.5","","0","","","","",""
"2013-07-02","2013","07","02","†","21.9","","12.6","","17.3","","0.7","","0.0","","0.2","","0.0","","0.2","","0","","","","",""
"2013-07-03","2013","07","03","†","22.3","","9.7","","16.0","","2.0","","0.0","","0.0","","0.0","","0.0","","0","","","","",""
"2013-07-04","2013","07","04","†","20.0","","5.6","","12.8","","5.2","","0.0","","0.0","","0.0","","0.0","","0","","","","",""
"2013-07-05","2013","07","05","†","18.9","","8.1","","13.5","","4.5","","0.0","","0.0","","0.0","","0.0","","0","","","","",""
"2013-07-06","2013","07","06","†","24.3","","3.0","","13.7","","4.3","","0.0","","0.0","","0.0","","0.0","","0","","","","",""
"2013-07-07","2013","07","07","†","25.6","","8.0","","16.8","","1.2","","0.0","","0.0","T","0.0","","0.0","T","0","","","","",""
"2013-07-08","2013","07","08","†","25.6","","5.9","","15.8","","2.2","","0.0","","0.0","","0.0","","0.0","","0","","","","",""
"2013-07-09","2013","07","09","†","18.8","","12.0","","15.4","","2.6","","0.0","","0.2","","0.0","","0.2","","0","","","","",""
"2013-07-10","2013","07","10","†","15.8","","7.2","","11.5","","6.5","","0.0","","1.5","","0.0","","1.5","","0","","","","",""
"2013-07-11","2013","07","11","†","17.0","","3.5","","10.3","","7.7","","0.0","","0.7","","0.0","","0.7","","0","","","","",""
"2013-07-12","2013","07","12","†","12.5","","8.0","","10.3","","7.7","","0.0","","10.0","","0.0","","10.0","","0","","","","",""
"2013-07-13","2013","07","13","†","12.8","","6.9","","9.9","","8.1","","0.0","","12.3","","0.0","","12.3","","0","","","","",""
"2013-07-14","2013","07","14","†","18.9","","5.3","","12.1","","5.9","","0.0","","0.3","","0.0","","0.3","","0","","","","",""
"2013-07-15","2013","07","15","†","25.6","","2.2","","13.9","","4.1","","0.0","","0.0","T","0.0","","0.0","T","0","","","","",""
"2013-07-16","2013","07","16","†","28.7","","4.8","","16.8","","1.2","","0.0","","0.0","","0.0","","0.0","","0","","","","",""
"2013-07-17","2013","07","17","†","30.2","","6.1","","18.2","","0.0","","0.2","","0.0","","0.0","","0.0","","0","","","","",""
"2013-07-18","2013","07","18","†","27.2","","8.3","","17.8","","0.2","","0.0","","0.0","","0.0","","0.0","","0","","","","",""
"2013-07-19","2013","07","19","†","28.3","","14.6","","21.5","","0.0","","3.5","","0.0","","0.0","","0.0","","0","","","","",""
"2013-07-20","2013","07","20","†","24.1","","10.2","","17.2","","0.8","","0.0","","4.2","","0.0","","4.2","","0","","","","",""
"2013-07-21","2013","07","21","†","21.8","","9.4","","15.6","","2.4","","0.0","","0.0","T","0.0","","0.0","T","0","","","","",""
"2013-07-22","2013","07","22","†","23.3","","4.3","","13.8","","4.2","","0.0","","0.7","","0.0","","0.7","","0","","","","",""
"2013-07-23","2013","07","23","†","18.2","","9.8","","14.0","","4.0","","0.0","","1.2","","0.0","","1.2","","0","","","","",""
"2013-07-24","2013","07","24","†","24.6","","9.8","","17.2","","0.8","","0.0","","0.0","","0.0","","0.0","","0","","","","",""
"2013-07-25","2013","07","25","†","25.6","","6.9","","16.3","","1.7","","0.0","","0.0","","0.0","","0.0","","0","","","","",""
"2013-07-26","2013","07","26","†","20.2","","4.6","","12.4","","5.6","","0.0","","9.3","","0.0","","9.3","","0","","","","",""
"2013-07-27","2013","07","27","†","17.2","","8.9","","13.1","","4.9","","0.0","","11.2","","0.0","","11.2","","0","","","","",""
"2013-07-28","2013","07","28","†","22.2","","9.2","","15.7","","2.3","","0.0","","0.0","T","0.0","","0.0","T","0","","","","",""
"2013-07-29","2013","07","29","†","20.6","","5.0","","12.8","","5.2","","0.0","","1.9","","0.0","","1.9","","0","","","","",""
"2013-07-30","2013","07","30","†","27.6","","8.9","","18.3","","0.0","","0.3","","0.0","","0.0","","0.0","","0","","","","",""
"2013-07-31","2013","07","31","†","29.2","","8.4","","18.8","","0.0","","0.8","","0.0","T","0.0","","0.0","T","0","","","","",""
"2013-08-01","2013","08","01","†","28.4","","8.8","","18.6","","0.0","","0.6","","0.0","","0.0","","0.0","","0","","","","",""
"2013-08-02","2013","08","02","†","28.2","","7.8","","18.0","","0.0","","0.0","","0.0","","0.0","","0.0","","0","","","","",""
"2013-08-03","2013","08","03","†","26.8","","7.5","","17.2","","0.8","","0.0","","2.0","","0.0","","2.0","","0","","","","",""
"2013-08-04","2013","08","04","†","29.8","","6.6","","18.2","","0.0","","0.2","","0.0","T","0.0","","0.0","T","0","","","","",""
"2013-08-05","2013","08","05","†","29.6","","8.3","","19.0","","0.0","","1.0","","0.0","","0.0","","0.0","","0","","","","",""
"2013-08-06","2013","08","06","†","27.7","","9.0","","18.4","","0.0","","0.4","","2.2","","0.0","","2.2","","0","","","","",""
"2013-08-07","2013","08","07","†","24.3","","10.2","","17.3","","0.7","","0.0","","3.9","","0.0","","3.9","","0","","","","",""
"2013-08-08","2013","08","08","†","23.1","","12.2","","17.7","","0.3","","0.0","","0.6","","0.0","","0.6","","0","","","","",""
"2013-08-09","2013","08","09","†","25.8","","11.6","","18.7","","0.0","","0.7","","0.0","T","0.0","","0.0","T","0","","","","",""
"2013-08-10","2013","08","10","†","29.2","","6.4","","17.8","","0.2","","0.0","","0.0","","0.0","","0.0","","0","","","","",""
"2013-08-11","2013","08","11","†","31.0","","7.6","","19.3","","0.0","","1.3","","8.7","","0.0","","8.7","","0","","","","",""
"2013-08-12","2013","08","12","†","27.2","","14.4","","20.8","","0.0","","2.8","","1.3","","0.0","","1.3","","0","","","","",""
"2013-08-13","2013","08","13","†","23.3","","11.1","","17.2","","0.8","","0.0","","4.2","","0.0","","4.2","","0","","","","",""
"2013-08-14","2013","08","14","†","23.2","","10.5","","16.9","","1.1","","0.0","","0.0","T","0.0","","0.0","T","0","","","","",""
"2013-08-15","2013","08","15","†","23.9","","10.7","","17.3","","0.7","","0.0","","0.0","","0.0","","0.0","","0","","","","",""
"2013-08-16","2013","08","16","†","18.2","","7.9","","13.1","","4.9","","0.0","","2.6","","0.0","","2.6","","0","","","","",""
"2013-08-17","2013","08","17","†","19.7","","6.6","","13.2","","4.8","","0.0","","0.6","","0.0","","0.6","","0","","","","",""
"2013-08-18","2013","08","18","†","18.7","","9.0","","13.9","","4.1","","0.0","","2.6","","0.0","","2.6","","0","","","","",""
"2013-08-19","2013","08","19","†","15.5","","6.6","","11.1","","6.9","","0.0","","0.9","","0.0","","0.9","","0","","","","",""
"2013-08-20","2013","08","20","†","17.0","","3.9","","10.5","","7.5","","0.0","","0.3","","0.0","","0.3","","0","","","","",""
"2013-08-21","2013","08","21","†","20.6","","2.1","","11.4","","6.6","","0.0","","0.9","","0.0","","0.9","","0","","","","",""
"2013-08-22","2013","08","22","†","20.9","","8.0","","14.5","","3.5","","0.0","","0.3","","0.0","","0.3","","0","","","","",""
"2013-08-23","2013","08","23","†","21.4","","5.1","","13.3","","4.7","","0.0","","2.2","","0.0","","2.2","","0","","","","",""
"2013-08-24","2013","08","24","†","19.8","","11.3","","15.6","","2.4","","0.0","","4.8","","0.0","","4.8","","0","","","","",""
"2013-08-25","2013","08","25","†","18.9","","9.0","","14.0","","4.0","","0.0","","0.6","","0.0","","0.6","","0","","","","",""
"2013-08-26","2013","08","26","†","22.0","","2.4","","12.2","","5.8","","0.0","","1.7","","0.0","","1.7","","0","","","","",""
"2013-08-27","2013","08","27","†","14.8","","9.4","","12.1","","5.9","","0.0","","2.2","","0.0","","2.2","","0","","","","",""
"2013-08-28","2013","08","28","†","18.9","","6.0","","12.5","","5.5","","0.0","","2.2","","0.0","","2.2","","0","","","","",""
"2013-08-29","2013","08","29","†","19.0","","6.0","","12.5","","5.5","","0.0","","12.2","","0.0","","12.2","","0","","","","",""
"2013-08-30","2013","08","30","†","17.8","","10.5","","14.2","","3.8","","0.0","","1.6","","0.0","","1.6","","0","","","","",""
"2013-08-31","2013","08","31","†","22.7","","9.4","","16.1","","1.9","","0.0","","0.4","","0.0","","0.4","","0","","","","",""
"2013-09-01","2013","09","01","†","23.2","","4.8","","14.0","","4.0","","0.0","","0.0","T","0.0","","0.0","T","0","","","","",""
"2013-09-02","2013","09","02","†","24.2","","5.0","","14.6","","3.4","","0.0","","0.0","","0.0","","0.0","","0","","","","",""
"2013-09-03","2013","09","03","†","26.0","","3.8","","14.9","","3.1","","0.0","","0.0","","0.0","","0.0","","0","","","","",""
"2013-09-04","2013","09","04","†","22.1","","8.0","","15.1","","2.9","","0.0","","0.0","T","0.0","","0.0","T","0","","","","",""
"2013-09-05","2013","09","05","†","23.0","","6.4","","14.7","","3.3","","0.0","","0.0","","0.0","","0.0","","0","","","","",""
"2013-09-06","2013","09","06","†","25.0","","8.8","","16.9","","1.1","","0.0","","0.0","","0.0","","0.0","","0","","","","",""
"2013-09-07","2013","09","07","†","26.9","","4.0","","15.5","","2.5","","0.0","","0.0","","0.0","","0.0","","0","","","","",""
"2013-09-08","2013","09","08","†","23.2","","5.0","","14.1","","3.9","","0.0","","0.0","","0.0","","0.0","","0","","","","",""
"2013-09-09","2013","09","09","†","21.0","","5.2","","13.1","","4.9","","0.0","","0.0","","0.0","","0.0","","0","","","","",""
"2013-09-10","2013","09","10","†","22.8","","0.8","","11.8","","6.2","","0.0","","0.0","","0.0","","0.0","","0","","","","",""
"2013-09-11","2013","09","11","†","28.2","","0.7","","14.5","","3.5","","0.0","","0.0","","0.0","","0.0","","0","","","","",""
"2013-09-12","2013","09","12","†","27.5","","3.2","","15.4","","2.6","","0.0","","0.0","","0.0","","0.0","","0","","","","",""
"2013-09-13","2013","09","13","","","","","","","","","","","","","","","","","","","","","","",""
"2013-09-14","2013","09","14","†","27.2","","1.9","","14.6","","3.4","","0.0","","0.0","","0.0","","0.0","","0","","","","",""
"2013-09-15","2013","09","15","†","27.2","","2.1","","14.7","","3.3","","0.0","","4.0","","0.0","","4.0","","0","","","","",""
"2013-09-16","2013","09","16","†","16.5","","12.2","","14.4","","3.6","","0.0","","1.6","","0.0","","1.6","","0","","","","",""
"2013-09-17","2013","09","17","†","15.7","","0.0","","7.9","","10.1","","0.0","","0.0","","0.0","","0.0","","0","","","","",""
"2013-09-18","2013","09","18","†","14.8","","1.0","","7.9","","10.1","","0.0","","1.6","","0.0","","1.6","","0","","","","",""
"2013-09-19","2013","09","19","†","13.3","","2.0","","7.7","","10.3","","0.0","","1.8","","0.0","","1.8","","0","","","","",""
"2013-09-20","2013","09","20","†","17.6","","5.9","","11.8","","6.2","","0.0","","0.0","","0.0","","0.0","","0","","","","",""
"2013-09-21","2013","09","21","†","15.6","","2.8","","9.2","","8.8","","0.0","","0.4","","0.0","","0.4","","0","","","","",""
"2013-09-22","2013","09","22","†","11.6","","3.0","","7.3","","10.7","","0.0","","0.0","T","0.0","","0.0","T","0","","","","",""
"2013-09-23","2013","09","23","†","13.0","","2.2","","7.6","","10.4","","0.0","","0.0","","0.0","","0.0","","0","","","","",""
"2013-09-24","2013","09","24","†","10.6","","-1.6","","4.5","","13.5","","0.0","","1.4","","0.0","","1.4","","0","","","","",""
"2013-09-25","2013","09","25","†","12.0","","1.4","","6.7","","11.3","","0.0","","0.0","T","0.0","","0.0","T","0","","","","",""
"2013-09-26","2013","09","26","†","13.0","","-2.8","","5.1","","12.9","","0.0","","1.4","","0.0","","1.4","","0","","","","",""
"2013-09-27","2013","09","27","†","12.6","","2.0","","7.3","","10.7","","0.0","","2.0","","0.0","","2.0","","0","","","","",""
"2013-09-28","2013","09","28","†","10.0","","3.0","","6.5","","11.5","","0.0","","12.6","","0.0","","12.6","","0","","","","",""
"2013-09-29","2013","09","29","†","11.6","","0.2","","5.9","","12.1","","0.0","","0.6","","0.0","","0.6","","0","","","","",""
"2013-09-30","2013","09","30","†","7.6","","0.6","","4.1","","13.9","","0.0","","6.4","","0.0","","6.4","","0","","","","",""
"2013-10-01","2013","10","01","†","9.7","","2.3","","6.0","","12.0","","0.0","","6.6","","0.0","","6.6","","0","","","","",""
"2013-10-02","2013","10","02","†","8.8","","3.5","","6.2","","11.8","","0.0","","2.2","","0.0","","2.2","","0","","","","",""
"2013-10-03","2013","10","03","†","7.2","","1.5","","4.4","","13.6","","0.0","","0.8","","0.0","","0.8","","0","","","","",""
"2013-10-04","2013","10","04","†","6.3","","1.5","","3.9","","14.1","","0.0","","7.1","","0.0","","7.1","","0","","","","",""
"2013-10-05","2013","10","05","†","9.1","","2.9","","6.0","","12.0","","0.0","","10.4","","0.0","","10.4","","0","","","","",""
"2013-10-06","2013","10","06","†","6.0","","3.0","","4.5","","13.5","","0.0","","21.8","","0.0","","21.8","","0","","","","",""
"2013-10-07","2013","10","07","†","9.8","","2.9","","6.4","","11.6","","0.0","","1.0","","0.0","","1.0","","0","","","","",""
"2013-10-08","2013","10","08","†","9.9","","0.2","","5.1","","12.9","","0.0","","0.4","","0.0","","0.4","","0","","","","",""
"2013-10-09","2013","10","09","†","9.2","","0.0","","4.6","","13.4","","0.0","","0.8","","0.0","","0.8","","0","","","","",""
"2013-10-10","2013","10","10","†","8.4","","-1.3","","3.6","","14.4","","0.0","","0.0","","0.0","","0.0","","0","","","","",""
"2013-10-11","2013","10","11","†","3.8","","-5.5","","-0.9","","18.9","","0.0","","0.0","T","0.0","","0.0","T","0","","","","",""
"2013-10-12","2013","10","12","†","6.6","","-3.0","","1.8","","16.2","","0.0","","0.0","","0.0","","0.0","","0","","","","",""
"2013-10-13","2013","10","13","†","8.3","","-2.5","","2.9","","15.1","","0.0","","0.0","","0.0","","0.0","","0","","","","",""
"2013-10-14","2013","10","14","†","10.6","","-2.5","","4.1","","13.9","","0.0","","0.0","T","0.0","","0.0","T","0","","","","",""
"2013-10-15","2013","10","15","†","12.5","","2.6","","7.6","","10.4","","0.0","","0.0","T","0.0","","0.0","T","0","","","","",""
"2013-10-16","2013","10","16","†","8.8","","-5.4","","1.7","","16.3","","0.0","","0.0","","0.0","","0.0","","0","","","","",""
"2013-10-17","2013","10","17","†","9.0","","-6.3","","1.4","","16.6","","0.0","","0.0","","0.0","","0.0","","0","","","","",""
"2013-10-18","2013","10","18","†","6.4","","-5.6","","0.4","","17.6","","0.0","","0.0","","0.0","","0.0","","0","","","","",""
"2013-10-19","2013","10","19","†","10.0","","-1.4","","4.3","","13.7","","0.0","","0.0","","0.0","","0.0","","0","","","","",""
"2013-10-20","2013","10","20","†","13.2","","-1.8","","5.7","","12.3","","0.0","","0.0","T","0.0","","0.0","T","0","","","","",""
"2013-10-21","2013","10","21","†","13.5","","1.6","","7.6","","10.4","","0.0","","0.0","T","0.0","","0.0","T","0","","","","",""
"2013-10-22","2013","10","22","†","11.0","","1.4","","6.2","","11.8","","0.0","","0.0","","0.0","","0.0","","0","","","","",""
"2013-10-23","2013","10","23","†","13.8","","4.0","","8.9","","9.1","","0.0","","0.0","","0.0","","0.0","","0","","","","",""
"2013-10-24","2013","10","24","†","11.6","","-1.5","","5.1","","12.9","","0.0","","0.0","T","0.0","","0.0","T","0","","","","",""
"2013-10-25","2013","10","25","†","6.6","","-4.8","","0.9","","17.1","","0.0","","0.0","T","0.0","","0.0","T","0","","","","",""
"2013-10-26","2013","10","26","†","9.0","","-2.6","","3.2","","14.8","","0.0","","0.8","","0.0","","0.8","","0","","","","",""
"2013-10-27","2013","10","27","†","6.2","","0.7","","3.5","","14.5","","0.0","","0.0","T","0.0","","0.0","T","0","","","","",""
"2013-10-28","2013","10","28","†","4.5","","-7.4","","-1.5","","19.5","","0.0","","0.0","","0.0","","0.0","","0","","","","",""
"2013-10-29","2013","10","29","†","1.6","","-8.1","","-3.3","","21.3","","0.0","","0.0","","0.0","","0.0","","0","","","","",""
"2013-10-30","2013","10","30","†","4.5","","-5.1","","-0.3","","18.3","","0.0","","0.2","","0.0","","0.2","","0","","","","",""
"2013-10-31","2013","10","31","†","7.6","","-2.2","","2.7","","15.3","","0.0","","0.0","","0.0","","0.0","","0","","","","",""
"2013-11-01","2013","11","01","†","5.9","","-4.5","","0.7","","17.3","","0.0","","0.0","T","0.0","","0.0","T","0","","","","",""
"2013-11-02","2013","11","02","","","","","","","","","","","","","","","","","","","","","","",""
"2013-11-03","2013","11","03","","","","","","","","","","","","","","","","","","","","","","",""
"2013-11-04","2013","11","04","","","","","","","","","","","","","","","","","","","","","","",""
"2013-11-05","2013","11","05","","","","","","","","","","","","","","","","","","","","","","",""
"2013-11-06","2013","11","06","","","","","","","","","","","","","","","","","","","","","","",""
"2013-11-07","2013","11","07","","","","","","","","","","","","","","","","","","","","","","",""
"2013-11-08","2013","11","08","","","","","","","","","","","","","","","","","","","","","","",""
"2013-11-09","2013","11","09","","","","","","","","","","","","","","","","","","","","","","",""
"2013-11-10","2013","11","10","","","","","","","","","","","","","","","","","","","","","","",""
"2013-11-11","2013","11","11","","","","","","","","","","","","","","","","","","","","","","",""
"2013-11-12","2013","11","12","","","","","","","","","","","","","","","","","","","","","","",""
"2013-11-13","2013","11","13","","","","","","","","","","","","","","","","","","","","","","",""
"2013-11-14","2013","11","14","","","","","","","","","","","","","","","","","","","","","","",""
"2013-11-15","2013","11","15","","","","","","","","","","","","","","","","","","","","","","",""
"2013-11-16","2013","11","16","","","","","","","","","","","","","","","","","","","","","","",""
"2013-11-17","2013","11","17","","","","","","","","","","","","","","","","","","","","","","",""
"2013-11-18","2013","11","18","","","","","","","","","","","","","","","","","","","","","","",""
"2013-11-19","2013","11","19","","","","","","","","","","","","","","","","","","","","","","",""
"2013-11-20","2013","11","20","","","","","","","","","","","","","","","","","","","","","","",""
"2013-11-21","2013","11","21","","","","","","","","","","","","","","","","","","","","","","",""
"2013-11-22","2013","11","22","","","","","","","","","","","","","","","","","","","","","","",""
"2013-11-23","2013","11","23","","","","","","","","","","","","","","","","","","","","","","",""
"2013-11-24","2013","11","24","","","","","","","","","","","","","","","","","","","","","","",""
"2013-11-25","2013","11","25","","","","","","","","","","","","","","","","","","","","","","",""
"2013-11-26","2013","11","26","","","","","","","","","","","","","","","","","","","","","","",""
"2013-11-27","2013","11","27","","","","","","","","","","","","","","","","","","","","","","",""
"2013-11-28","2013","11","28","","","","","","","","","","","","","","","","","","","","","","",""
"2013-11-29","2013","11","29","","","","","","","","","","","","","","","","","","","","","","",""
"2013-11-30","2013","11","30","","","","","","","","","","","","","","","","","","","","","","",""
"2013-12-01","2013","12","01","","","","","","","","","","","","","","","","","","","","","","",""
"2013-12-02","2013","12","02","","","","","","","","","","","","","","","","","","","","","","",""
"2013-12-03","2013","12","03","","","","","","","","","","","","","","","","","","","","","","",""
"2013-12-04","2013","12","04","","","","","","","","","","","","","","","","","","","","","","",""
"2013-12-05","2013","12","05","","","","","","","","","","","","","","","","","","","","","","",""
"2013-12-06","2013","12","06","","","","","","","","","","","","","","","","","","","","","","",""
"2013-12-07","2013","12","07","","","","","","","","","","","","","","","","","","","","","","",""
"2013-12-08","2013","12","08","","","","","","","","","","","","","","","","","","","","","","",""
"2013-12-09","2013","12","09","","","","","","","","","","","","","","","","","","","","","","",""
"2013-12-10","2013","12","10","","","","","","","","","","","","","","","","","","","","","","",""
"2013-12-11","2013","12","11","","","","","","","","","","","","","","","","","","","","","","",""
"2013-12-12","2013","12","12","","","","","","","","","","","","","","","","","","","","","","",""
"2013-12-13","2013","12","13","","","","","","","","","","","","","","","","","","","","","","",""
"2013-12-14","2013","12","14","","","","","","","","","","","","","","","","","","","","","","",""
"2013-12-15","2013","12","15","","","","","","","","","","","","","","","","","","","","","","",""
"2013-12-16","2013","12","16","","","","","","","","","","","","","","","","","","","","","","",""
"2013-12-17","2013","12","17","","","","","","","","","","","","","","","","","","","","","","",""
"2013-12-18","2013","12","18","","","","","","","","","","","","","","","","","","","","","","",""
"2013-12-19","2013","12","19","","","","","","","","","","","","","","","","","","","","","","",""
"2013-12-20","2013","12","20","","","","","","","","","","","","","","","","","","","","","","",""
"2013-12-21","2013","12","21","","","","","","","","","","","","","","","","","","","","","","",""
"2013-12-22","2013","12","22","","","","","","","","","","","","","","","","","","","","","","",""
"2013-12-23","2013","12","23","","","","","","","","","","","","","","","","","","","","","","",""
"2013-12-24","2013","12","24","","","","","","","","","","","","","","","","","","","","","","",""
"2013-12-25","2013","12","25","","","","","","","","","","","","","","","","","","","","","","",""
"2013-12-26","2013","12","26","","","","","","","","","","","","","","","","","","","","","","",""
"2013-12-27","2013","12","27","","","","","","","","","","","","","","","","","","","","","","",""
"2013-12-28","2013","12","28","","","","","","","","","","","","","","","","","","","","","","",""
"2013-12-29","2013","12","29","","","","","","","","","","","","","","","","","","","","","","",""
"2013-12-30","2013","12","30","","","","","","","","","","","","","","","","","","","","","","",""
"2013-12-31","2013","12","31","","","","","","","","","","","","","","","","","","","","","","",""
