"Station Name","HIXON"
"Province","BRITISH COLUMBIA"
"Latitude","53.53"
"Longitude","-122.70"
"Elevation","551.00"
"Climate Identifier","1093474"
"WMO Identifier",""
"TC Identifier",""

"Legend"
"A","Accumulated"
"C","Precipitation occurred, amount uncertain"
"E","Estimated"
"F","Accumulated and estimated"
"L","Precipitation may or may not have occurred"
"M","Missing"
"N","Temperature missing but known to be > 0"
"S","More than one occurrence"
"T","Trace"
"Y","Temperature missing but known to be < 0"
"[empty]","No data available"
"^","The value displayed is based on incomplete data"
"†","Data for this day has undergone only preliminary quality checking"
"‡","Partner data that is not subject to review by the National Climate Archives"

"Date/Time","Year","Month","Day","Data Quality","Max Temp (°C)","Max Temp Flag","Min Temp (°C)","Min Temp Flag","Mean Temp (°C)","Mean Temp Flag","Heat Deg Days (°C)","Heat Deg Days Flag","Cool Deg Days (°C)","Cool Deg Days Flag","Total Rain (mm)","Total Rain Flag","Total Snow (cm)","Total Snow Flag","Total Precip (mm)","Total Precip Flag","Snow on Grnd (cm)","Snow on Grnd Flag","Dir of Max Gust (10s deg)","Dir of Max Gust Flag","Spd of Max Gust (km/h)","Spd of Max Gust Flag"
"2010-01-01","2010","01","01","†","-9.0","","-15.0","","-12.0","","30.0","","0.0","","0.0","","13.2","","13.2","","30","","","","",""
"2010-01-02","2010","01","02","†","-7.0","","-11.0","","-9.0","","27.0","","0.0","","0.0","","3.6","","3.6","","0","","","","",""
"2010-01-03","2010","01","03","†","-11.0","","-15.0","","-13.0","","31.0","","0.0","","0.0","","1.4","","1.4","","0","","","","",""
"2010-01-04","2010","01","04","†","-11.0","","-15.5","","-13.3","","31.3","","0.0","","0.0","","0.0","","0.0","","0","","","","",""
"2010-01-05","2010","01","05","†","-18.5","","-27.0","","-22.8","","40.8","","0.0","","0.0","","0.0","","0.0","","0","","","","",""
"2010-01-06","2010","01","06","†","-19.0","","-29.0","","-24.0","","42.0","","0.0","","0.0","","0.0","","0.0","","0","","","","",""
"2010-01-07","2010","01","07","†","-7.0","","-26.0","","-16.5","","34.5","","0.0","","0.0","","0.0","","0.0","","0","","","","",""
"2010-01-08","2010","01","08","†","0.0","","-14.0","","-7.0","","25.0","","0.0","","0.0","","1.8","","1.8","","0","","","","",""
"2010-01-09","2010","01","09","†","4.0","","-6.0","","-1.0","","19.0","","0.0","","0.0","","0.0","","0.0","","0","","","","",""
"2010-01-10","2010","01","10","†","7.0","","-0.5","","3.3","","14.7","","0.0","","0.0","","0.0","","0.0","","0","","","","",""
"2010-01-11","2010","01","11","†","7.5","","0.5","","4.0","","14.0","","0.0","","2.4","","0.0","","2.4","","0","","","","",""
"2010-01-12","2010","01","12","†","7.0","","0.0","","3.5","","14.5","","0.0","","0.0","","0.0","","0.0","","0","","","","",""
"2010-01-13","2010","01","13","†","6.0","","-3.0","","1.5","","16.5","","0.0","","0.0","","0.0","","0.0","","0","","","","",""
"2010-01-14","2010","01","14","†","6.0","","2.0","","4.0","","14.0","","0.0","","10.0","","0.0","","10.0","","0","","","","",""
"2010-01-15","2010","01","15","†","0.5","","0.0","","0.3","","17.7","","0.0","","0.2","","0.0","","0.2","","0","","","","",""
"2010-01-16","2010","01","16","†","2.0","","-5.5","","-1.8","","19.8","","0.0","","0.0","","0.0","","0.0","","0","","","","",""
"2010-01-17","2010","01","17","†","6.5","","-6.5","","0.0","","18.0","","0.0","","0.0","","0.0","","0.0","","0","","","","",""
"2010-01-18","2010","01","18","†","6.0","","-5.0","","0.5","","17.5","","0.0","","0.0","","0.0","","0.0","","0","","","","",""
"2010-01-19","2010","01","19","†","1.0","","-5.0","","-2.0","","20.0","","0.0","","0.0","","0.0","","0.0","","0","","","","",""
"2010-01-20","2010","01","20","†","0.5","","-8.0","","-3.8","","21.8","","0.0","","0.0","","0.0","","0.0","","0","","","","",""
"2010-01-21","2010","01","21","†","0.5","","-9.0","","-4.3","","22.3","","0.0","","0.0","","0.0","","0.0","","0","","","","",""
"2010-01-22","2010","01","22","†","-0.5","","-8.5","","-4.5","","22.5","","0.0","","0.0","","0.0","","0.0","","0","","","","",""
"2010-01-23","2010","01","23","†","-1.0","","-14.0","","-7.5","","25.5","","0.0","","0.0","","0.0","","0.0","","0","","","","",""
"2010-01-24","2010","01","24","†","-6.0","","-16.0","","-11.0","","29.0","","0.0","","0.0","","0.0","","0.0","","0","","","","",""
"2010-01-25","2010","01","25","†","-3.5","","-6.0","","-4.8","","22.8","","0.0","","0.0","","0.0","","0.0","","0","","","","",""
"2010-01-26","2010","01","26","†","-4.0","","-9.0","","-6.5","","24.5","","0.0","","0.0","","0.0","","0.0","","0","","","","",""
"2010-01-27","2010","01","27","†","-2.0","","-8.0","","-5.0","","23.0","","0.0","","0.0","","0.0","","0.0","","0","","","","",""
"2010-01-28","2010","01","28","†","2.0","","-9.0","","-3.5","","21.5","","0.0","","0.0","","0.0","","0.0","","0","","","","",""
"2010-01-29","2010","01","29","†","4.0","","-2.0","","1.0","","17.0","","0.0","","0.0","","0.0","T","0.0","T","0","","","","",""
"2010-01-30","2010","01","30","†","-1.0","","-4.0","","-2.5","","20.5","","0.0","","0.0","","8.2","","8.2","","0","","","","",""
"2010-01-31","2010","01","31","","","","","","","","","","","","","","","","","","","","","","",""
"2010-02-01","2010","02","01","†","-1.0","","-5.5","","-3.3","","21.3","","0.0","","0.0","","0.0","","0.0","","8","","","","",""
"2010-02-02","2010","02","02","†","-1.0","","-4.0","","-2.5","","20.5","","0.0","","0.0","","0.0","T","0.0","T","0","","","","",""
"2010-02-03","2010","02","03","†","0.0","","-5.5","","-2.8","","20.8","","0.0","","0.0","","1.0","","1.0","","0","","","","",""
"2010-02-04","2010","02","04","†","2.0","","-4.0","","-1.0","","19.0","","0.0","","0.0","","0.0","","0.0","","0","","","","",""
"2010-02-05","2010","02","05","†","1.0","","-5.0","","-2.0","","20.0","","0.0","","0.0","","0.0","","0.0","","0","","","","",""
"2010-02-06","2010","02","06","†","3.0","","-10.0","","-3.5","","21.5","","0.0","","0.0","","0.0","","0.0","","0","","","","",""
"2010-02-07","2010","02","07","†","2.0","","-13.0","","-5.5","","23.5","","0.0","","0.0","","0.0","","0.0","","0","","","","",""
"2010-02-08","2010","02","08","†","0.0","","-9.0","","-4.5","","22.5","","0.0","","0.0","","0.0","","0.0","","0","","","","",""
"2010-02-09","2010","02","09","†","-1.0","","-10.5","","-5.8","","23.8","","0.0","","0.0","","0.0","T","0.0","T","0","","","","",""
"2010-02-10","2010","02","10","†","2.0","","-7.0","","-2.5","","20.5","","0.0","","0.0","","0.0","","0.0","","0","","","","",""
"2010-02-11","2010","02","11","†","4.0","","-9.0","","-2.5","","20.5","","0.0","","0.0","","0.0","","0.0","","0","","","","",""
"2010-02-12","2010","02","12","†","6.0","","-2.0","","2.0","","16.0","","0.0","","0.0","","0.0","","0.0","","0","","","","",""
"2010-02-13","2010","02","13","†","6.0","","-6.0","","0.0","","18.0","","0.0","","4.6","","0.0","","4.6","","0","","","","",""
"2010-02-14","2010","02","14","†","0.0","","-3.0","","-1.5","","19.5","","0.0","","0.0","","0.0","","0.0","","0","","","","",""
"2010-02-15","2010","02","15","†","0.5","","-3.5","","-1.5","","19.5","","0.0","","2.4","","3.6","","6.0","","0","","","","",""
"2010-02-16","2010","02","16","†","3.0","","-3.0","","0.0","","18.0","","0.0","","3.8","","0.0","","3.8","","0","","","","",""
"2010-02-17","2010","02","17","†","2.5","","-5.0","","-1.3","","19.3","","0.0","","0.0","","0.0","","0.0","","0","","","","",""
"2010-02-18","2010","02","18","†","-1.0","","-5.0","","-3.0","","21.0","","0.0","","0.0","","0.0","","0.0","","0","","","","",""
"2010-02-19","2010","02","19","†","-2.5","","-4.0","","-3.3","","21.3","","0.0","","0.0","","0.0","","0.0","","0","","","","",""
"2010-02-20","2010","02","20","†","-2.0","","-5.0","","-3.5","","21.5","","0.0","","0.0","","0.0","","0.0","","0","","","","",""
"2010-02-21","2010","02","21","†","-2.0","","-4.5","","-3.3","","21.3","","0.0","","0.0","","0.0","","0.0","","0","","","","",""
"2010-02-22","2010","02","22","†","-2.0","","-5.0","","-3.5","","21.5","","0.0","","0.0","","0.0","","0.0","","0","","","","",""
"2010-02-23","2010","02","23","†","2.0","","-7.0","","-2.5","","20.5","","0.0","","1.0","","0.0","","1.0","","0","","","","",""
"2010-02-24","2010","02","24","†","3.0","","-6.0","","-1.5","","19.5","","0.0","","0.0","","0.0","","0.0","","0","","","","",""
"2010-02-25","2010","02","25","†","4.5","","-4.0","","0.3","","17.7","","0.0","","0.0","","0.0","","0.0","","0","","","","",""
"2010-02-26","2010","02","26","†","1.0","","-6.0","","-2.5","","20.5","","0.0","","3.0","","0.0","","3.0","","0","","","","",""
"2010-02-27","2010","02","27","†","3.0","","-1.0","","1.0","","17.0","","0.0","","2.4","","0.0","","2.4","","0","","","","",""
"2010-02-28","2010","02","28","†","7.0","","-1.0","","3.0","","15.0","","0.0","","0.0","","0.0","","0.0","","0","","","","",""
"2010-03-01","2010","03","01","†","8.0","","-1.0","","3.5","","14.5","","0.0","","0.0","","0.0","","0.0","","0","","","","",""
"2010-03-02","2010","03","02","†","10.0","","1.0","","5.5","","12.5","","0.0","","0.0","","0.0","","0.0","","0","","","","",""
"2010-03-03","2010","03","03","†","11.5","","-2.0","","4.8","","13.2","","0.0","","0.0","","0.0","","0.0","","0","","","","",""
"2010-03-04","2010","03","04","†","9.0","","-7.0","","1.0","","17.0","","0.0","","0.0","","0.0","","0.0","","0","","","","",""
"2010-03-05","2010","03","05","†","11.0","","-4.5","","3.3","","14.7","","0.0","","0.0","","0.0","","0.0","","0","","","","",""
"2010-03-06","2010","03","06","†","4.5","","-6.5","","-1.0","","19.0","","0.0","","0.0","","0.0","","0.0","","0","","","","",""
"2010-03-07","2010","03","07","†","6.0","","-5.0","","0.5","","17.5","","0.0","","1.8","","0.0","T","1.8","","0","","","","",""
"2010-03-08","2010","03","08","†","3.0","","-9.0","","-3.0","","21.0","","0.0","","0.0","","0.0","","0.0","","0","","","","",""
"2010-03-09","2010","03","09","†","4.0","","-11.0","","-3.5","","21.5","","0.0","","0.0","","0.0","","0.0","","0","","","","",""
"2010-03-10","2010","03","10","†","7.0","","-5.0","","1.0","","17.0","","0.0","","0.0","","0.0","","0.0","","0","","","","",""
"2010-03-11","2010","03","11","†","7.5","","-2.0","","2.8","","15.2","","0.0","","0.0","","0.0","","0.0","","0","","","","",""
"2010-03-12","2010","03","12","†","3.0","","-7.0","","-2.0","","20.0","","0.0","","0.0","","0.0","","0.0","","0","","","","",""
"2010-03-13","2010","03","13","†","7.5","","-7.0","","0.3","","17.7","","0.0","","0.0","","0.0","","0.0","","0","","","","",""
"2010-03-14","2010","03","14","†","6.0","","1.0","","3.5","","14.5","","0.0","","0.0","","0.0","","0.0","","0","","","","",""
"2010-03-15","2010","03","15","†","13.0","","2.0","","7.5","","10.5","","0.0","","1.2","","0.0","","1.2","","0","","","","",""
"2010-03-16","2010","03","16","†","15.0","","0.0","","7.5","","10.5","","0.0","","0.0","","0.0","","0.0","","0","","","","",""
"2010-03-17","2010","03","17","†","12.5","","1.0","","6.8","","11.2","","0.0","","0.0","","0.0","","0.0","","0","","","","",""
"2010-03-18","2010","03","18","†","7.0","","-6.0","","0.5","","17.5","","0.0","","0.0","","0.0","","0.0","","0","","","","",""
"2010-03-19","2010","03","19","†","10.0","","-7.0","","1.5","","16.5","","0.0","","0.0","","0.0","","0.0","","0","","","","",""
"2010-03-20","2010","03","20","†","12.5","","-6.0","","3.3","","14.7","","0.0","","0.0","","0.0","","0.0","","0","","","","",""
"2010-03-21","2010","03","21","†","4.0","","-1.5","","1.3","","16.7","","0.0","","2.6","","0.0","","2.6","","0","","","","",""
"2010-03-22","2010","03","22","†","8.0","","-1.5","","3.3","","14.7","","0.0","","0.4","","0.0","","0.4","","0","","","","",""
"2010-03-23","2010","03","23","†","8.0","","-0.5","","3.8","","14.2","","0.0","","2.2","","0.0","","2.2","","0","","","","",""
"2010-03-24","2010","03","24","†","10.0","","-3.0","","3.5","","14.5","","0.0","","8.8","","0.0","","8.8","","0","","","","",""
"2010-03-25","2010","03","25","†","10.0","","2.5","","6.3","","11.7","","0.0","","0.0","","0.0","","0.0","","0","","","","",""
"2010-03-26","2010","03","26","","","","","","","","","","","","","","","","","","","","","","",""
"2010-03-27","2010","03","27","","","","","","","","","","","","","","","","","","","","","","",""
"2010-03-28","2010","03","28","","","","","","","","","","","","","","","","","","","","","","",""
"2010-03-29","2010","03","29","","","","","","","","","","","","","","","","","","","","","","",""
"2010-03-30","2010","03","30","†","9.0","","-1.0","","4.0","","14.0","","0.0","","0.0","","0.0","","0.0","","0","","","","",""
"2010-03-31","2010","03","31","†","9.0","","-3.0","","3.0","","15.0","","0.0","","0.0","","0.0","","0.0","","0","","","","",""
"2010-04-01","2010","04","01","†","9.0","","-3.5","","2.8","","15.2","","0.0","","0.0","","0.0","","0.0","","0","","","","",""
"2010-04-02","2010","04","02","†","7.0","","-3.0","","2.0","","16.0","","0.0","","0.0","","0.0","","0.0","","0","","","","",""
"2010-04-03","2010","04","03","†","9.0","","-3.5","","2.8","","15.2","","0.0","","0.0","","0.0","","0.0","","0","","","","",""
"2010-04-04","2010","04","04","†","10.0","","-6.0","","2.0","","16.0","","0.0","","0.0","","0.0","","0.0","","0","","","","",""
"2010-04-05","2010","04","05","†","14.0","","-4.5","","4.8","","13.2","","0.0","","2.2","","0.0","","2.2","","0","","","","",""
"2010-04-06","2010","04","06","†","10.0","","0.0","","5.0","","13.0","","0.0","","0.6","","0.0","","0.6","","0","","","","",""
"2010-04-07","2010","04","07","†","10.0","","1.0","","5.5","","12.5","","0.0","","10.4","","2.6","","13.0","","0","","","","",""
"2010-04-08","2010","04","08","†","5.0","","-4.0","","0.5","","17.5","","0.0","","0.0","","0.0","T","0.0","T","0","","","","",""
"2010-04-09","2010","04","09","†","4.0","","-4.5","","-0.3","","18.3","","0.0","","0.0","","0.0","","0.0","","0","","","","",""
"2010-04-10","2010","04","10","†","9.0","","-8.0","","0.5","","17.5","","0.0","","0.0","","0.0","","0.0","","0","","","","",""
"2010-04-11","2010","04","11","†","9.0","","-7.5","","0.8","","17.2","","0.0","","0.0","","0.0","","0.0","","0","","","","",""
"2010-04-12","2010","04","12","†","4.5","","-5.0","","-0.3","","18.3","","0.0","","0.0","","0.0","","0.0","","0","","","","",""
"2010-04-13","2010","04","13","†","13.5","","-4.0","","4.8","","13.2","","0.0","","0.0","","0.0","","0.0","","0","","","","",""
"2010-04-14","2010","04","14","†","14.5","","-6.0","","4.3","","13.7","","0.0","","0.0","","0.0","","0.0","","0","","","","",""
"2010-04-15","2010","04","15","†","22.5","","-4.0","","9.3","","8.7","","0.0","","0.0","","0.0","","0.0","","0","","","","",""
"2010-04-16","2010","04","16","†","22.0","","-2.0","","10.0","","8.0","","0.0","","0.0","","0.0","","0.0","","0","","","","",""
"2010-04-17","2010","04","17","†","20.5","","-1.5","","9.5","","8.5","","0.0","","0.4","","0.0","","0.4","","0","","","","",""
"2010-04-18","2010","04","18","†","19.5","","1.0","","10.3","","7.7","","0.0","","0.0","","0.0","","0.0","","0","","","","",""
"2010-04-19","2010","04","19","†","25.0","","1.5","","13.3","","4.7","","0.0","","0.0","","0.0","","0.0","","0","","","","",""
"2010-04-20","2010","04","20","†","26.0","","0.5","","13.3","","4.7","","0.0","","4.0","","0.0","","4.0","","0","","","","",""
"2010-04-21","2010","04","21","†","7.5","","5.0","","6.3","","11.7","","0.0","","4.0","","0.0","","4.0","","0","","","","",""
"2010-04-22","2010","04","22","†","10.5","","0.0","","5.3","","12.7","","0.0","","0.4","","0.0","","0.4","","0","","","","",""
"2010-04-23","2010","04","23","†","10.5","","-4.0","","3.3","","14.7","","0.0","","10.6","","0.0","","10.6","","0","","","","",""
"2010-04-24","2010","04","24","†","8.0","","1.0","","4.5","","13.5","","0.0","","2.4","","0.0","","2.4","","0","","","","",""
"2010-04-25","2010","04","25","†","15.0","","-2.0","","6.5","","11.5","","0.0","","0.0","","0.0","","0.0","","0","","","","",""
"2010-04-26","2010","04","26","†","15.0","","-3.5","","5.8","","12.2","","0.0","","0.0","","0.0","","0.0","","0","","","","",""
"2010-04-27","2010","04","27","†","15.0","","5.0","","10.0","","8.0","","0.0","","1.2","","0.0","","1.2","","0","","","","",""
"2010-04-28","2010","04","28","†","13.0","","5.0","","9.0","","9.0","","0.0","","0.6","","0.0","","0.6","","0","","","","",""
"2010-04-29","2010","04","29","†","15.0","","2.5","","8.8","","9.2","","0.0","","0.8","","0.0","","0.8","","0","","","","",""
"2010-04-30","2010","04","30","†","15.0","","2.0","","8.5","","9.5","","0.0","","0.4","","0.0","","0.4","","0","","","","",""
"2010-05-01","2010","05","01","†","14.0","","3.0","","8.5","","9.5","","0.0","","4.4","","0.0","","4.4","","0","","","","",""
"2010-05-02","2010","05","02","†","8.0","","3.0","","5.5","","12.5","","0.0","","0.6","","0.0","","0.6","","0","","","","",""
"2010-05-03","2010","05","03","†","11.0","","2.0","","6.5","","11.5","","0.0","","0.6","","0.0","","0.6","","0","","","","",""
"2010-05-04","2010","05","04","†","8.0","","-0.5","","3.8","","14.2","","0.0","","0.0","","0.0","","0.0","","0","","","","",""
"2010-05-05","2010","05","05","†","11.0","","-4.5","","3.3","","14.7","","0.0","","0.0","","0.0","","0.0","","0","","","","",""
"2010-05-06","2010","05","06","†","11.0","","-15.5","","-2.3","","20.3","","0.0","","0.0","","0.0","","0.0","","0","","","","",""
"2010-05-07","2010","05","07","†","13.0","","-3.5","","4.8","","13.2","","0.0","","0.0","","0.0","","0.0","","0","","","","",""
"2010-05-08","2010","05","08","†","14.0","","-4.0","","5.0","","13.0","","0.0","","0.0","","0.0","","0.0","","0","","","","",""
"2010-05-09","2010","05","09","†","16.0","","-4.5","","5.8","","12.2","","0.0","","0.0","","0.0","","0.0","","0","","","","",""
"2010-05-10","2010","05","10","†","17.0","","-3.0","","7.0","","11.0","","0.0","","0.0","","0.0","","0.0","","0","","","","",""
"2010-05-11","2010","05","11","†","12.5","","0.5","","6.5","","11.5","","0.0","","0.0","","0.0","","0.0","","0","","","","",""
"2010-05-12","2010","05","12","†","19.0","","-1.5","","8.8","","9.2","","0.0","","0.0","","0.0","","0.0","","0","","","","",""
"2010-05-13","2010","05","13","†","20.5","","2.0","","11.3","","6.7","","0.0","","0.0","","0.0","","0.0","","0","","","","",""
"2010-05-14","2010","05","14","†","21.0","","0.0","","10.5","","7.5","","0.0","","0.0","","0.0","","0.0","","0","","","","",""
"2010-05-15","2010","05","15","†","23.5","","1.0","","12.3","","5.7","","0.0","","0.0","","0.0","","0.0","","0","","","","",""
"2010-05-16","2010","05","16","†","22.0","","8.0","","15.0","","3.0","","0.0","","0.0","","0.0","","0.0","","0","","","","",""
"2010-05-17","2010","05","17","†","24.0","","6.0","","15.0","","3.0","","0.0","","0.0","","0.0","","0.0","","0","","","","",""
"2010-05-18","2010","05","18","†","23.0","","10.0","","16.5","","1.5","","0.0","","3.0","","0.0","","3.0","","0","","","","",""
"2010-05-19","2010","05","19","†","20.0","","7.0","","13.5","","4.5","","0.0","","2.2","","0.0","","2.2","","0","","","","",""
"2010-05-20","2010","05","20","†","14.0","","5.5","","9.8","","8.2","","0.0","","2.4","","0.0","","2.4","","0","","","","",""
"2010-05-21","2010","05","21","†","6.0","","2.5","","4.3","","13.7","","0.0","","17.8","","0.0","","17.8","","0","","","","",""
"2010-05-22","2010","05","22","†","8.0","","0.5","","4.3","","13.7","","0.0","","0.8","","0.0","","0.8","","0","","","","",""
"2010-05-23","2010","05","23","†","15.0","","-2.0","","6.5","","11.5","","0.0","","0.0","","0.0","","0.0","","0","","","","",""
"2010-05-24","2010","05","24","†","19.5","","-1.0","","9.3","","8.7","","0.0","","0.0","","0.0","","0.0","","0","","","","",""
"2010-05-25","2010","05","25","†","22.0","","4.0","","13.0","","5.0","","0.0","","0.0","","0.0","","0.0","","0","","","","",""
"2010-05-26","2010","05","26","†","19.5","","1.0","","10.3","","7.7","","0.0","","0.0","","0.0","","0.0","","0","","","","",""
"2010-05-27","2010","05","27","†","19.0","","8.0","","13.5","","4.5","","0.0","","0.0","","0.0","","0.0","","0","","","","",""
"2010-05-28","2010","05","28","†","18.5","","0.0","","9.3","","8.7","","0.0","","0.0","","0.0","","0.0","","0","","","","",""
"2010-05-29","2010","05","29","†","19.0","","0.0","","9.5","","8.5","","0.0","","0.0","","0.0","","0.0","","0","","","","",""
"2010-05-30","2010","05","30","","","","","","","","","","","","","","","","","","","","","","",""
"2010-05-31","2010","05","31","","","","","","","","","","","","","","","","","","","","","","",""
"2010-06-01","2010","06","01","†","19.0","","9.0","","14.0","","4.0","","0.0","","8.5","","0.0","","8.5","","0","","","","",""
"2010-06-02","2010","06","02","†","18.5","","5.0","","11.8","","6.2","","0.0","","9.2","","0.0","","9.2","","0","","","","",""
"2010-06-03","2010","06","03","†","15.0","","5.0","","10.0","","8.0","","0.0","","0.4","","0.0","","0.4","","0","","","","",""
"2010-06-04","2010","06","04","†","17.0","","5.0","","11.0","","7.0","","0.0","","0.0","","0.0","","0.0","","0","","","","",""
"2010-06-05","2010","06","05","†","19.0","","6.0","","12.5","","5.5","","0.0","","0.0","","0.0","","0.0","","0","","","","",""
"2010-06-06","2010","06","06","†","19.0","","1.0","","10.0","","8.0","","0.0","","12.4","","0.0","","12.4","","0","","","","",""
"2010-06-07","2010","06","07","†","16.0","","8.0","","12.0","","6.0","","0.0","","7.0","","0.0","","7.0","","0","","","","",""
"2010-06-08","2010","06","08","†","19.0","","7.0","","13.0","","5.0","","0.0","","0.0","","0.0","","0.0","","0","","","","",""
"2010-06-09","2010","06","09","†","19.0","","2.0","","10.5","","7.5","","0.0","","1.8","","0.0","","1.8","","0","","","","",""
"2010-06-10","2010","06","10","†","22.0","","7.0","","14.5","","3.5","","0.0","","0.0","","0.0","","0.0","","0","","","","",""
"2010-06-11","2010","06","11","†","24.0","","6.0","","15.0","","3.0","","0.0","","0.0","","0.0","","0.0","","0","","","","",""
"2010-06-12","2010","06","12","†","26.5","","8.0","","17.3","","0.7","","0.0","","0.0","","0.0","","0.0","","0","","","","",""
"2010-06-13","2010","06","13","†","23.0","","9.0","","16.0","","2.0","","0.0","","0.4","","0.0","","0.4","","0","","","","",""
"2010-06-14","2010","06","14","†","16.0","","5.0","","10.5","","7.5","","0.0","","0.0","","0.0","","0.0","","0","","","","",""
"2010-06-15","2010","06","15","†","19.0","","0.0","","9.5","","8.5","","0.0","","0.0","","0.0","","0.0","","0","","","","",""
"2010-06-16","2010","06","16","†","23.5","","9.0","","16.3","","1.7","","0.0","","8.0","","0.0","","8.0","","0","","","","",""
"2010-06-17","2010","06","17","†","24.0","","4.0","","14.0","","4.0","","0.0","","0.0","","0.0","","0.0","","0","","","","",""
"2010-06-18","2010","06","18","†","23.5","","0.0","","11.8","","6.2","","0.0","","0.0","","0.0","","0.0","","0","","","","",""
"2010-06-19","2010","06","19","†","28.0","","3.0","","15.5","","2.5","","0.0","","0.0","","0.0","","0.0","","0","","","","",""
"2010-06-20","2010","06","20","†","26.5","","5.0","","15.8","","2.2","","0.0","","0.0","","0.0","","0.0","","0","","","","",""
"2010-06-21","2010","06","21","†","26.0","","6.5","","16.3","","1.7","","0.0","","0.0","","0.0","","0.0","","0","","","","",""
"2010-06-22","2010","06","22","†","26.0","","7.0","","16.5","","1.5","","0.0","","0.0","","0.0","","0.0","","0","","","","",""
"2010-06-23","2010","06","23","†","22.0","","9.0","","15.5","","2.5","","0.0","","0.0","","0.0","","0.0","","0","","","","",""
"2010-06-24","2010","06","24","†","19.0","","10.0","","14.5","","3.5","","0.0","","8.4","","0.0","","8.4","","0","","","","",""
"2010-06-25","2010","06","25","†","18.0","","8.0","","13.0","","5.0","","0.0","","3.6","","0.0","","3.6","","0","","","","",""
"2010-06-26","2010","06","26","†","23.5","","5.0","","14.3","","3.7","","0.0","","3.4","","0.0","","3.4","","0","","","","",""
"2010-06-27","2010","06","27","†","17.5","","9.0","","13.3","","4.7","","0.0","","6.2","","0.0","","6.2","","0","","","","",""
"2010-06-28","2010","06","28","†","20.0","","8.0","","14.0","","4.0","","0.0","","3.0","","0.0","","3.0","","0","","","","",""
"2010-06-29","2010","06","29","†","17.0","","7.0","","12.0","","6.0","","0.0","","0.4","","0.0","","0.4","","0","","","","",""
"2010-06-30","2010","06","30","†","15.0","","5.0","","10.0","","8.0","","0.0","","0.0","","0.0","","0.0","","0","","","","",""
"2010-07-01","2010","07","01","†","17.5","","0.5","","9.0","","9.0","","0.0","","0.0","","0.0","","0.0","","0","","","","",""
"2010-07-02","2010","07","02","","","","","","","","","","","","","","","","","","","","","","",""
"2010-07-03","2010","07","03","†","17.0","","9.0","","13.0","","5.0","","0.0","","1.0","","0.0","","1.0","","0","","","","",""
"2010-07-04","2010","07","04","†","21.0","","5.0","","13.0","","5.0","","0.0","","0.0","","0.0","","0.0","","0","","","","",""
"2010-07-05","2010","07","05","†","26.0","","4.0","","15.0","","3.0","","0.0","","0.0","","0.0","","0.0","","0","","","","",""
"2010-07-06","2010","07","06","†","30.0","","1.0","","15.5","","2.5","","0.0","","0.0","","0.0","","0.0","","0","","","","",""
"2010-07-07","2010","07","07","†","31.0","","7.0","","19.0","","0.0","","1.0","","0.0","","0.0","","0.0","","0","","","","",""
"2010-07-08","2010","07","08","†","29.0","","10.0","","19.5","","0.0","","1.5","","0.0","","0.0","","0.0","","0","","","","",""
"2010-07-09","2010","07","09","†","28.0","","14.0","","21.0","","0.0","","3.0","","0.0","","0.0","","0.0","","0","","","","",""
"2010-07-10","2010","07","10","†","30.0","","9.5","","19.8","","0.0","","1.8","","0.0","","0.0","","0.0","","0","","","","",""
"2010-07-11","2010","07","11","†","29.0","","10.0","","19.5","","0.0","","1.5","","1.0","","0.0","","1.0","","0","","","","",""
"2010-07-12","2010","07","12","†","16.0","","9.0","","12.5","","5.5","","0.0","","0.9","","0.0","","0.9","","0","","","","",""
"2010-07-13","2010","07","13","†","23.0","","9.0","","16.0","","2.0","","0.0","","0.0","","0.0","","0.0","","0","","","","",""
"2010-07-14","2010","07","14","†","27.0","","8.0","","17.5","","0.5","","0.0","","0.0","","0.0","","0.0","","0","","","","",""
"2010-07-15","2010","07","15","†","21.0","","5.0","","13.0","","5.0","","0.0","","0.0","","0.0","","0.0","","0","","","","",""
"2010-07-16","2010","07","16","†","24.0","","2.0","","13.0","","5.0","","0.0","","0.0","","0.0","","0.0","","0","","","","",""
"2010-07-17","2010","07","17","†","29.0","","3.0","","16.0","","2.0","","0.0","","0.0","","0.0","","0.0","","0","","","","",""
"2010-07-18","2010","07","18","†","27.0","","5.0","","16.0","","2.0","","0.0","","0.0","","0.0","","0.0","","0","","","","",""
"2010-07-19","2010","07","19","†","27.0","","1.5","","14.3","","3.7","","0.0","","0.0","","0.0","","0.0","","0","","","","",""
"2010-07-20","2010","07","20","†","29.0","","7.5","","18.3","","0.0","","0.3","","0.0","","0.0","","0.0","","0","","","","",""
"2010-07-21","2010","07","21","†","31.0","","6.0","","18.5","","0.0","","0.5","","2.2","","0.0","","2.2","","0","","","","",""
"2010-07-22","2010","07","22","†","17.0","","11.0","","14.0","","4.0","","0.0","","1.0","","0.0","","1.0","","0","","","","",""
"2010-07-23","2010","07","23","†","28.0","","8.0","","18.0","","0.0","","0.0","","0.0","","0.0","","0.0","","0","","","","",""
"2010-07-24","2010","07","24","†","29.0","","8.0","","18.5","","0.0","","0.5","","0.0","","0.0","","0.0","","0","","","","",""
"2010-07-25","2010","07","25","†","27.0","","3.0","","15.0","","3.0","","0.0","","0.0","","0.0","","0.0","","0","","","","",""
"2010-07-26","2010","07","26","†","27.0","","4.0","","15.5","","2.5","","0.0","","0.0","","0.0","","0.0","","0","","","","",""
"2010-07-27","2010","07","27","†","31.0","","7.0","","19.0","","0.0","","1.0","","0.0","","0.0","","0.0","","0","","","","",""
"2010-07-28","2010","07","28","†","32.0","","11.0","","21.5","","0.0","","3.5","","3.6","","0.0","","3.6","","0","","","","",""
"2010-07-29","2010","07","29","†","27.0","","9.0","","18.0","","0.0","","0.0","","0.0","","0.0","","0.0","","0","","","","",""
"2010-07-30","2010","07","30","†","28.0","","9.0","","18.5","","0.0","","0.5","","0.0","","0.0","","0.0","","0","","","","",""
"2010-07-31","2010","07","31","†","29.0","","7.0","","18.0","","0.0","","0.0","","0.0","","0.0","","0.0","","0","","","","",""
"2010-08-01","2010","08","01","","","","","","","","","","","","","","","","","","","","","","",""
"2010-08-02","2010","08","02","","","","","","","","","","","","","","","","","","","","","","",""
"2010-08-03","2010","08","03","","","","","","","","","","","","","","","","","","","","","","",""
"2010-08-04","2010","08","04","","","","","","","","","","","","","","","","","","","","","","",""
"2010-08-05","2010","08","05","","","","","","","","","","","","","","","","","","","","","","",""
"2010-08-06","2010","08","06","","","","","","","","","","","","","","","","","","","","","","",""
"2010-08-07","2010","08","07","","","","","","","","","","","","","","","","","","","","","","",""
"2010-08-08","2010","08","08","","","","","","","","","","","","","","","","","","","","","","",""
"2010-08-09","2010","08","09","","","","","","","","","","","","","","","","","","","","","","",""
"2010-08-10","2010","08","10","","","","","","","","","","","","","","","","","","","","","","",""
"2010-08-11","2010","08","11","","","","","","","","","","","","","","","","","","","","","","",""
"2010-08-12","2010","08","12","","","","","","","","","","","","","","","","","","","","","","",""
"2010-08-13","2010","08","13","","","","","","","","","","","","","","","","","","","","","","",""
"2010-08-14","2010","08","14","","","","","","","","","","","","","","","","","","","","","","",""
"2010-08-15","2010","08","15","","","","","","","","","","","","","","","","","","","","","","",""
"2010-08-16","2010","08","16","","","","","","","","","","","","","","","","","","","","","","",""
"2010-08-17","2010","08","17","","","","","","","","","","","","","","","","","","","","","","",""
"2010-08-18","2010","08","18","","","","","","","","","","","","","","","","","","","","","","",""
"2010-08-19","2010","08","19","","","","","","","","","","","","","","","","","","","","","","",""
"2010-08-20","2010","08","20","","","","","","","","","","","","","","","","","","","","","","",""
"2010-08-21","2010","08","21","","","","","","","","","","","","","","","","","","","","","","",""
"2010-08-22","2010","08","22","","","","","","","","","","","","","","","","","","","","","","",""
"2010-08-23","2010","08","23","","","","","","","","","","","","","","","","","","","","","","",""
"2010-08-24","2010","08","24","","","","","","","","","","","","","","","","","","","","","","",""
"2010-08-25","2010","08","25","","","","","","","","","","","","","","","","","","","","","","",""
"2010-08-26","2010","08","26","","","","","","","","","","","","","","","","","","","","","","",""
"2010-08-27","2010","08","27","","","","","","","","","","","","","","","","","","","","","","",""
"2010-08-28","2010","08","28","","","","","","","","","","","","","","","","","","","","","","",""
"2010-08-29","2010","08","29","","","","","","","","","","","","","","","","","","","","","","",""
"2010-08-30","2010","08","30","","","","","","","","","","","","","","","","","","","","","","",""
"2010-08-31","2010","08","31","","","","","","","","","","","","","","","","","","","","","","",""
"2010-09-01","2010","09","01","","","","","","","","","","","","","","","","","","","","","","",""
"2010-09-02","2010","09","02","","","","","","","","","","","","","","","","","","","","","","",""
"2010-09-03","2010","09","03","","","","","","","","","","","","","","","","","","","","","","",""
"2010-09-04","2010","09","04","","","","","","","","","","","","","","","","","","","","","","",""
"2010-09-05","2010","09","05","","","","","","","","","","","","","","","","","","","","","","",""
"2010-09-06","2010","09","06","","","","","","","","","","","","","","","","","","","","","","",""
"2010-09-07","2010","09","07","","","","","","","","","","","","","","","","","","","","","","",""
"2010-09-08","2010","09","08","","","","","","","","","","","","","","","","","","","","","","",""
"2010-09-09","2010","09","09","","","","","","","","","","","","","","","","","","","","","","",""
"2010-09-10","2010","09","10","","","","","","","","","","","","","","","","","","","","","","",""
"2010-09-11","2010","09","11","","","","","","","","","","","","","","","","","","","","","","",""
"2010-09-12","2010","09","12","","","","","","","","","","","","","","","","","","","","","","",""
"2010-09-13","2010","09","13","","","","","","","","","","","","","","","","","","","","","","",""
"2010-09-14","2010","09","14","","","","","","","","","","","","","","","","","","","","","","",""
"2010-09-15","2010","09","15","","","","","","","","","","","","","","","","","","","","","","",""
"2010-09-16","2010","09","16","","","","","","","","","","","","","","","","","","","","","","",""
"2010-09-17","2010","09","17","","","","","","","","","","","","","","","","","","","","","","",""
"2010-09-18","2010","09","18","","","","","","","","","","","","","","","","","","","","","","",""
"2010-09-19","2010","09","19","","","","","","","","","","","","","","","","","","","","","","",""
"2010-09-20","2010","09","20","","","","","","","","","","","","","","","","","","","","","","",""
"2010-09-21","2010","09","21","","","","","","","","","","","","","","","","","","","","","","",""
"2010-09-22","2010","09","22","","","","","","","","","","","","","","","","","","","","","","",""
"2010-09-23","2010","09","23","","","","","","","","","","","","","","","","","","","","","","",""
"2010-09-24","2010","09","24","","","","","","","","","","","","","","","","","","","","","","",""
"2010-09-25","2010","09","25","","","","","","","","","","","","","","","","","","","","","","",""
"2010-09-26","2010","09","26","","","","","","","","","","","","","","","","","","","","","","",""
"2010-09-27","2010","09","27","","","","","","","","","","","","","","","","","","","","","","",""
"2010-09-28","2010","09","28","","","","","","","","","","","","","","","","","","","","","","",""
"2010-09-29","2010","09","29","","","","","","","","","","","","","","","","","","","","","","",""
"2010-09-30","2010","09","30","","","","","","","","","","","","","","","","","","","","","","",""
"2010-10-01","2010","10","01","","","","","","","","","","","","","","","","","","","","","","",""
"2010-10-02","2010","10","02","","","","","","","","","","","","","","","","","","","","","","",""
"2010-10-03","2010","10","03","","","","","","","","","","","","","","","","","","","","","","",""
"2010-10-04","2010","10","04","","","","","","","","","","","","","","","","","","","","","","",""
"2010-10-05","2010","10","05","","","","","","","","","","","","","","","","","","","","","","",""
"2010-10-06","2010","10","06","","","","","","","","","","","","","","","","","","","","","","",""
"2010-10-07","2010","10","07","","","","","","","","","","","","","","","","","","","","","","",""
"2010-10-08","2010","10","08","","","","","","","","","","","","","","","","","","","","","","",""
"2010-10-09","2010","10","09","","","","","","","","","","","","","","","","","","","","","","",""
"2010-10-10","2010","10","10","","","","","","","","","","","","","","","","","","","","","","",""
"2010-10-11","2010","10","11","","","","","","","","","","","","","","","","","","","","","","",""
"2010-10-12","2010","10","12","","","","","","","","","","","","","","","","","","","","","","",""
"2010-10-13","2010","10","13","","","","","","","","","","","","","","","","","","","","","","",""
"2010-10-14","2010","10","14","","","","","","","","","","","","","","","","","","","","","","",""
"2010-10-15","2010","10","15","","","","","","","","","","","","","","","","","","","","","","",""
"2010-10-16","2010","10","16","","","","","","","","","","","","","","","","","","","","","","",""
"2010-10-17","2010","10","17","","","","","","","","","","","","","","","","","","","","","","",""
"2010-10-18","2010","10","18","","","","","","","","","","","","","","","","","","","","","","",""
"2010-10-19","2010","10","19","","","","","","","","","","","","","","","","","","","","","","",""
"2010-10-20","2010","10","20","","","","","","","","","","","","","","","","","","","","","","",""
"2010-10-21","2010","10","21","","","","","","","","","","","","","","","","","","","","","","",""
"2010-10-22","2010","10","22","","","","","","","","","","","","","","","","","","","","","","",""
"2010-10-23","2010","10","23","","","","","","","","","","","","","","","","","","","","","","",""
"2010-10-24","2010","10","24","","","","","","","","","","","","","","","","","","","","","","",""
"2010-10-25","2010","10","25","","","","","","","","","","","","","","","","","","","","","","",""
"2010-10-26","2010","10","26","","","","","","","","","","","","","","","","","","","","","","",""
"2010-10-27","2010","10","27","","","","","","","","","","","","","","","","","","","","","","",""
"2010-10-28","2010","10","28","","","","","","","","","","","","","","","","","","","","","","",""
"2010-10-29","2010","10","29","","","","","","","","","","","","","","","","","","","","","","",""
"2010-10-30","2010","10","30","","","","","","","","","","","","","","","","","","","","","","",""
"2010-10-31","2010","10","31","","","","","","","","","","","","","","","","","","","","","","",""
"2010-11-01","2010","11","01","","","","","","","","","","","","","","","","","","","","","","",""
"2010-11-02","2010","11","02","","","","","","","","","","","","","","","","","","","","","","",""
"2010-11-03","2010","11","03","","","","","","","","","","","","","","","","","","","","","","",""
"2010-11-04","2010","11","04","","","","","","","","","","","","","","","","","","","","","","",""
"2010-11-05","2010","11","05","","","","","","","","","","","","","","","","","","","","","","",""
"2010-11-06","2010","11","06","","","","","","","","","","","","","","","","","","","","","","",""
"2010-11-07","2010","11","07","","","","","","","","","","","","","","","","","","","","","","",""
"2010-11-08","2010","11","08","","","","","","","","","","","","","","","","","","","","","","",""
"2010-11-09","2010","11","09","","","","","","","","","","","","","","","","","","","","","","",""
"2010-11-10","2010","11","10","","","","","","","","","","","","","","","","","","","","","","",""
"2010-11-11","2010","11","11","","","","","","","","","","","","","","","","","","","","","","",""
"2010-11-12","2010","11","12","","","","","","","","","","","","","","","","","","","","","","",""
"2010-11-13","2010","11","13","","","","","","","","","","","","","","","","","","","","","","",""
"2010-11-14","2010","11","14","","","","","","","","","","","","","","","","","","","","","","",""
"2010-11-15","2010","11","15","","","","","","","","","","","","","","","","","","","","","","",""
"2010-11-16","2010","11","16","","","","","","","","","","","","","","","","","","","","","","",""
"2010-11-17","2010","11","17","","","","","","","","","","","","","","","","","","","","","","",""
"2010-11-18","2010","11","18","","","","","","","","","","","","","","","","","","","","","","",""
"2010-11-19","2010","11","19","","","","","","","","","","","","","","","","","","","","","","",""
"2010-11-20","2010","11","20","","","","","","","","","","","","","","","","","","","","","","",""
"2010-11-21","2010","11","21","","","","","","","","","","","","","","","","","","","","","","",""
"2010-11-22","2010","11","22","","","","","","","","","","","","","","","","","","","","","","",""
"2010-11-23","2010","11","23","","","","","","","","","","","","","","","","","","","","","","",""
"2010-11-24","2010","11","24","","","","","","","","","","","","","","","","","","","","","","",""
"2010-11-25","2010","11","25","","","","","","","","","","","","","","","","","","","","","","",""
"2010-11-26","2010","11","26","","","","","","","","","","","","","","","","","","","","","","",""
"2010-11-27","2010","11","27","","","","","","","","","","","","","","","","","","","","","","",""
"2010-11-28","2010","11","28","","","","","","","","","","","","","","","","","","","","","","",""
"2010-11-29","2010","11","29","","","","","","","","","","","","","","","","","","","","","","",""
"2010-11-30","2010","11","30","","","","","","","","","","","","","","","","","","","","","","",""
"2010-12-01","2010","12","01","","","","","","","","","","","","","","","","","","","","","","",""
"2010-12-02","2010","12","02","","","","","","","","","","","","","","","","","","","","","","",""
"2010-12-03","2010","12","03","","","","","","","","","","","","","","","","","","","","","","",""
"2010-12-04","2010","12","04","","","","","","","","","","","","","","","","","","","","","","",""
"2010-12-05","2010","12","05","","","","","","","","","","","","","","","","","","","","","","",""
"2010-12-06","2010","12","06","","","","","","","","","","","","","","","","","","","","","","",""
"2010-12-07","2010","12","07","","","","","","","","","","","","","","","","","","","","","","",""
"2010-12-08","2010","12","08","","","","","","","","","","","","","","","","","","","","","","",""
"2010-12-09","2010","12","09","","","","","","","","","","","","","","","","","","","","","","",""
"2010-12-10","2010","12","10","","","","","","","","","","","","","","","","","","","","","","",""
"2010-12-11","2010","12","11","","","","","","","","","","","","","","","","","","","","","","",""
"2010-12-12","2010","12","12","","","","","","","","","","","","","","","","","","","","","","",""
"2010-12-13","2010","12","13","","","","","","","","","","","","","","","","","","","","","","",""
"2010-12-14","2010","12","14","","","","","","","","","","","","","","","","","","","","","","",""
"2010-12-15","2010","12","15","","","","","","","","","","","","","","","","","","","","","","",""
"2010-12-16","2010","12","16","","","","","","","","","","","","","","","","","","","","","","",""
"2010-12-17","2010","12","17","","","","","","","","","","","","","","","","","","","","","","",""
"2010-12-18","2010","12","18","","","","","","","","","","","","","","","","","","","","","","",""
"2010-12-19","2010","12","19","","","","","","","","","","","","","","","","","","","","","","",""
"2010-12-20","2010","12","20","","","","","","","","","","","","","","","","","","","","","","",""
"2010-12-21","2010","12","21","","","","","","","","","","","","","","","","","","","","","","",""
"2010-12-22","2010","12","22","","","","","","","","","","","","","","","","","","","","","","",""
"2010-12-23","2010","12","23","","","","","","","","","","","","","","","","","","","","","","",""
"2010-12-24","2010","12","24","","","","","","","","","","","","","","","","","","","","","","",""
"2010-12-25","2010","12","25","","","","","","","","","","","","","","","","","","","","","","",""
"2010-12-26","2010","12","26","","","","","","","","","","","","","","","","","","","","","","",""
"2010-12-27","2010","12","27","","","","","","","","","","","","","","","","","","","","","","",""
"2010-12-28","2010","12","28","","","","","","","","","","","","","","","","","","","","","","",""
"2010-12-29","2010","12","29","","","","","","","","","","","","","","","","","","","","","","",""
"2010-12-30","2010","12","30","","","","","","","","","","","","","","","","","","","","","","",""
"2010-12-31","2010","12","31","","","","","","","","","","","","","","","","","","","","","","",""
