"Station Name","CRANBROOK A"
"Province","BRITISH COLUMBIA"
"Latitude","49.61"
"Longitude","-115.78"
"Elevation","940.00"
"Climate Identifier","1152105"
"WMO Identifier","71880"
"TC Identifier","YXC"

"Legend"
"A","Accumulated"
"C","Precipitation occurred, amount uncertain"
"E","Estimated"
"F","Accumulated and estimated"
"L","Precipitation may or may not have occurred"
"M","Missing"
"N","Temperature missing but known to be > 0"
"S","More than one occurrence"
"T","Trace"
"Y","Temperature missing but known to be < 0"
"[empty]","No data available"
"^","The value displayed is based on incomplete data"
"†","Data for this day has undergone only preliminary quality checking"
"‡","Partner data that is not subject to review by the National Climate Archives"

"Date/Time","Year","Month","Day","Data Quality","Max Temp (°C)","Max Temp Flag","Min Temp (°C)","Min Temp Flag","Mean Temp (°C)","Mean Temp Flag","Heat Deg Days (°C)","Heat Deg Days Flag","Cool Deg Days (°C)","Cool Deg Days Flag","Total Rain (mm)","Total Rain Flag","Total Snow (cm)","Total Snow Flag","Total Precip (mm)","Total Precip Flag","Snow on Grnd (cm)","Snow on Grnd Flag","Dir of Max Gust (10s deg)","Dir of Max Gust Flag","Spd of Max Gust (km/h)","Spd of Max Gust Flag"
"2013-01-01","2013","01","01","‡","","","","","","","","","","","","","","","","","","","","","",""
"2013-01-02","2013","01","02","‡","-6.4","","-9.1","","-7.8","","25.8","","0.0","","0.0","","0.0","T","0.0","T","20","","","M","<31",""
"2013-01-03","2013","01","03","‡","-7.4","","-9.7","","-8.6","","26.6","","0.0","","0.0","","0.0","T","0.0","T","20","","","M","<31",""
"2013-01-04","2013","01","04","‡","","","","","","","","","","","","","","","","","","","","","",""
"2013-01-05","2013","01","05","‡","","","","","","","","","","","","","","","","","","","","","",""
"2013-01-06","2013","01","06","‡","1.5","","-12.1","","-5.3","","23.3","","0.0","","0.0","","0.0","T","0.0","T","19","","","M","37",""
"2013-01-07","2013","01","07","‡","0.9","","-8.2","","-3.7","","21.7","","0.0","","0.0","","0.0","T","0.0","T","19","","","M","<31",""
"2013-01-08","2013","01","08","‡","1.2","","-9.5","","-4.2","","22.2","","0.0","","0.0","","2.5","","2.1","","19","","","M","43",""
"2013-01-09","2013","01","09","‡","5.1","","-2.2","","1.5","","16.5","","0.0","","2.0","","0.6","","2.6","","22","","","M","44",""
"2013-01-10","2013","01","10","‡","0.2","","-5.8","","-2.8","","20.8","","0.0","","1.6","","6.0","","6.2","","14","","","M","<31",""
"2013-01-11","2013","01","11","‡","-4.1","","-16.3","","-10.2","","28.2","","0.0","","0.0","","0.0","","0.0","","19","","","M","<31",""
"2013-01-12","2013","01","12","‡","-7.2","","-18.4","","-12.8","","30.8","","0.0","","0.0","","0.0","T","0.0","T","18","","","M","<31",""
"2013-01-13","2013","01","13","‡","-10.6","","-22.9","","-16.8","","34.8","","0.0","","0.0","","0.0","T","0.0","T","17","","","M","<31",""
"2013-01-14","2013","01","14","‡","-9.1","","-18.9","","-14.0","","32.0","","0.0","","0.0","","1.2","","0.4","","17","","","M","<31",""
"2013-01-15","2013","01","15","‡","","","","","","","","","","","","","","","","","","","","","",""
"2013-01-16","2013","01","16","‡","-6.7","","-15.4","","-11.1","","29.1","","0.0","","0.0","","0.0","","0.0","","18","","","M","<31",""
"2013-01-17","2013","01","17","‡","1.3","","-13.8","","-6.3","","24.3","","0.0","","0.0","","0.0","","0.0","","18","","","M","44",""
"2013-01-18","2013","01","18","‡","1.5","","-10.3","","-4.4","","22.4","","0.0","","0.0","","0.0","","0.0","","16","","","M","41",""
"2013-01-19","2013","01","19","‡","-1.9","","-15.2","","-8.6","","26.6","","0.0","","0.0","","0.0","","0.0","","16","","","M","<31",""
"2013-01-20","2013","01","20","‡","-2.7","","-15.5","","-9.1","","27.1","","0.0","","0.0","","0.0","","0.0","","","","","M","<31",""
"2013-01-21","2013","01","21","‡","-7.2","","-16.0","","-11.6","","29.6","","0.0","","0.0","","0.0","","0.0","","16","","","M","<31",""
"2013-01-22","2013","01","22","‡","-9.4","","-16.5","","-13.0","","31.0","","0.0","","0.0","","0.0","T","0.0","T","16","","","M","<31",""
"2013-01-23","2013","01","23","‡","-4.9","","-12.0","","-8.5","","26.5","","0.0","","0.0","","2.2","","1.4","","16","","","M","<31",""
"2013-01-24","2013","01","24","‡","3.9","","-10.2","","-3.2","","21.2","","0.0","","0.0","","1.2","","0.8","","19","","","M","39",""
"2013-01-25","2013","01","25","‡","3.1","","-3.6","","-0.3","","18.3","","0.0","","0.0","","0.0","T","0.0","T","19","","","M","32",""
"2013-01-26","2013","01","26","‡","-0.3","","-4.2","","-2.3","","20.3","","0.0","","0.0","","6.2","","5.0","","17","","","M","<31",""
"2013-01-27","2013","01","27","‡","0.5","","-6.0","","-2.8","","20.8","","0.0","","0.0","","0.2","","0.2","","21","","","M","<31",""
"2013-01-28","2013","01","28","‡","0.2","","-11.7","","-5.8","","23.8","","0.0","","0.0","","0.0","","0.0","","20","","","M","<31",""
"2013-01-29","2013","01","29","‡","-2.0","","-11.1","","-6.6","","24.6","","0.0","","0.0","","0.4","","0.4","","19","","","M","<31",""
"2013-01-30","2013","01","30","‡","0.5","","-12.5","","-6.0","","24.0","","0.0","","0.0","","0.0","T","0.0","T","19","","","M","<31",""
"2013-01-31","2013","01","31","‡","1.4","","-10.9","","-4.8","","22.8","","0.0","","0.0","","0.0","T","0.0","T","20","","","M","<31",""
"2013-02-01","2013","02","01","‡","5.5","","-10.1","","-2.3","","20.3","","0.0","","0.0","","0.0","","0.0","","20","","","M","<31",""
"2013-02-02","2013","02","02","‡","5.5","","-9.7","","-2.1","","20.1","","0.0","","0.0","","0.0","","0.0","","20","","","M","32",""
"2013-02-03","2013","02","03","‡","5.1","","-9.7","","-2.3","","20.3","","0.0","","0.0","","0.0","","0.0","","18","","","M","35",""
"2013-02-04","2013","02","04","‡","5.6","","1.0","","3.3","","14.7","","0.0","","0.0","","0.0","T","0.0","T","17","","","M","37",""
"2013-02-05","2013","02","05","‡","6.6","","1.5","","4.1","","13.9","","0.0","","0.0","","0.0","T","0.0","T","16","","","M","35",""
"2013-02-06","2013","02","06","‡","6.3","","-2.6","","1.9","","16.1","","0.0","","0.0","","0.0","T","0.0","T","11","","","M","41",""
"2013-02-07","2013","02","07","‡","3.5","","-3.3","","0.1","","17.9","","0.0","","0.0","","0.0","T","0.0","T","11","","","M","<31",""
"2013-02-08","2013","02","08","‡","4.0","","-5.9","","-1.0","","19.0","","0.0","","0.0","","0.0","","0.0","","10","","","M","<31",""
"2013-02-09","2013","02","09","‡","1.6","","-9.7","","-4.1","","22.1","","0.0","","0.0","","0.0","","0.0","","10","","","M","<31",""
"2013-02-10","2013","02","10","‡","2.0","","-11.7","","-4.9","","22.9","","0.0","","0.0","","0.0","","0.0","","10","","","M","<31",""
"2013-02-11","2013","02","11","‡","-1.1","","-12.4","","-6.8","","24.8","","0.0","","0.0","","0.0","","0.0","","10","","","M","<31",""
"2013-02-12","2013","02","12","‡","3.4","","-8.5","","-2.6","","20.6","","0.0","","0.0","","0.0","T","0.0","T","10","","","M","46",""
"2013-02-13","2013","02","13","‡","7.2","","-2.9","","2.2","","15.8","","0.0","","0.0","","0.0","","0.0","","7","","","M","46",""
"2013-02-14","2013","02","14","‡","3.2","","-10.1","","-3.5","","21.5","","0.0","","0.0","","0.0","","0.0","","10","","","M","<31",""
"2013-02-15","2013","02","15","‡","4.1","","-10.2","","-3.1","","21.1","","0.0","","0.0","","0.0","","0.0","","9","","","M","<31",""
"2013-02-16","2013","02","16","‡","4.9","","-7.5","","-1.3","","19.3","","0.0","","0.0","","0.0","T","0.0","T","9","","","M","39",""
"2013-02-17","2013","02","17","‡","5.2","","-6.4","","-0.6","","18.6","","0.0","","0.0","","0.0","T","0.0","T","8","","","M","<31",""
"2013-02-18","2013","02","18","‡","","","","","","","","","","","","","","","","","","","","","",""
"2013-02-19","2013","02","19","‡","2.2","","-4.4","","-1.1","","19.1","","0.0","","0.0","","0.0","T","0.0","T","6","","","M","41",""
"2013-02-20","2013","02","20","‡","2.5","","-7.1","","-2.3","","20.3","","0.0","","0.0","","0.2","","0.0","T","5","","","M","<31",""
"2013-02-21","2013","02","21","‡","1.6","","-10.4","","-4.4","","22.4","","0.0","","0.0","","0.0","","0.0","","5","","","M","65",""
"2013-02-22","2013","02","22","‡","","","","","","","","","","","","","","","","","","","","","",""
"2013-02-23","2013","02","23","‡","5.4","","-3.5","","1.0","","17.0","","0.0","","0.0","T","0.0","","0.0","T","5","","","M","41",""
"2013-02-24","2013","02","24","‡","1.3","","-9.8","","-4.3","","22.3","","0.0","","0.0","","0.0","","0.0","","5","","","M","41",""
"2013-02-25","2013","02","25","‡","2.5","","-2.1","","0.2","","17.8","","0.0","","0.0","","0.0","T","0.0","T","5","","","M","56",""
"2013-02-26","2013","02","26","‡","4.5","","-7.2","","-1.4","","19.4","","0.0","","","M","0.0","","","M","5","","","M","33",""
"2013-02-27","2013","02","27","‡","4.0","","-2.4","","0.8","","17.2","","0.0","","0.0","","0.0","T","0.0","T","5","","","M","33",""
"2013-02-28","2013","02","28","‡","4.8","","-5.2","","-0.2","","18.2","","0.0","","0.0","","0.0","","0.0","","5","","","M","35",""
"2013-03-01","2013","03","01","‡","","","","","","","","","","","","","","","","","","","","","",""
"2013-03-02","2013","03","02","‡","","","","","","","","","","","","","","","","","","","","","",""
"2013-03-03","2013","03","03","‡","4.9","","-3.3","","0.8","","17.2","","0.0","","0.2","","0.2","","0.4","","","","","M","44",""
"2013-03-04","2013","03","04","‡","1.4","","-6.7","","-2.7","","20.7","","0.0","","0.0","","0.0","T","0.0","T","","","","M","<31",""
"2013-03-05","2013","03","05","‡","0.7","","-7.6","","-3.5","","21.5","","0.0","","0.0","","0.0","","0.0","","","","","M","<31",""
"2013-03-06","2013","03","06","‡","0.7","","-2.9","","-1.1","","19.1","","0.0","","0.0","","5.2","","5.2","","5","","","M","<31",""
"2013-03-07","2013","03","07","‡","2.9","","-2.2","","0.4","","17.6","","0.0","","0.0","","4.2","","2.8","","9","","","M","54",""
"2013-03-08","2013","03","08","‡","6.5","","-2.9","","1.8","","16.2","","0.0","","0.0","","0.0","","0.0","","2","","","M","<31",""
"2013-03-09","2013","03","09","‡","7.8","","-7.2","","0.3","","17.7","","0.0","","0.0","","0.0","","0.0","","","","","M","<31",""
"2013-03-10","2013","03","10","‡","8.1","","-5.9","","1.1","","16.9","","0.0","","0.0","","0.0","","0.0","","","","","M","37",""
"2013-03-11","2013","03","11","‡","6.6","","-3.0","","1.8","","16.2","","0.0","","0.0","","0.0","T","0.0","T","","","","M","32",""
"2013-03-12","2013","03","12","‡","2.0","","-2.5","","-0.3","","18.3","","0.0","","0.4","","1.0","","1.4","","","","","M","<31",""
"2013-03-13","2013","03","13","‡","12.6","","0.9","","6.8","","11.2","","0.0","","0.0","","0.0","","0.0","","","","","M","50",""
"2013-03-14","2013","03","14","‡","12.3","","3.6","","8.0","","10.0","","0.0","","0.4","","0.0","","0.4","","","","","M","39",""
"2013-03-15","2013","03","15","‡","12.1","","1.6","","6.9","","11.1","","0.0","","0.0","","0.0","","0.0","","","","","M","43",""
"2013-03-16","2013","03","16","‡","9.0","","-1.7","","3.7","","14.3","","0.0","","0.0","T","0.0","","0.0","T","","","","M","43",""
"2013-03-17","2013","03","17","‡","4.9","","-6.5","","-0.8","","18.8","","0.0","","0.0","","0.2","","0.2","","","","","M","52",""
"2013-03-18","2013","03","18","‡","5.2","","-8.5","","-1.7","","19.7","","0.0","","0.0","","0.0","","0.0","","","","","M","41",""
"2013-03-19","2013","03","19","‡","6.2","","-9.5","","-1.7","","19.7","","0.0","","0.0","","0.0","","0.0","","","","","M","33",""
"2013-03-20","2013","03","20","‡","5.2","","-1.7","","1.8","","16.2","","0.0","","3.6","","2.2","","5.6","","2","","","M","46",""
"2013-03-21","2013","03","21","‡","4.5","","-1.5","","1.5","","16.5","","0.0","","0.0","","0.4","","0.4","","","","","M","39",""
"2013-03-22","2013","03","22","‡","","","","","","","","","","","","","","","","","","","","","",""
"2013-03-23","2013","03","23","‡","","","","","","","","","","","","","","","","","","","","","",""
"2013-03-24","2013","03","24","‡","4.5","","-7.7","","-1.6","","19.6","","0.0","","0.0","","0.0","","0.0","","","","","M","32",""
"2013-03-25","2013","03","25","‡","7.1","","-7.1","","0.0","","18.0","","0.0","","0.0","","0.0","","0.0","","","","","M","<31",""
"2013-03-26","2013","03","26","‡","10.3","","-6.3","","2.0","","16.0","","0.0","","0.0","","0.0","","0.0","","","","","M","<31",""
"2013-03-27","2013","03","27","‡","12.6","","-5.3","","3.7","","14.3","","0.0","","0.0","","0.0","","0.0","","","","","M","<31",""
"2013-03-28","2013","03","28","‡","13.4","","-0.9","","6.3","","11.7","","0.0","","0.0","","0.0","","0.0","","","","","M","<31",""
"2013-03-29","2013","03","29","‡","14.9","","-3.2","","5.9","","12.1","","0.0","","0.0","","0.0","","0.0","","","","","M","35",""
"2013-03-30","2013","03","30","‡","16.6","","-3.1","","6.8","","11.2","","0.0","","0.0","","0.0","","0.0","","","","","M","33",""
"2013-03-31","2013","03","31","‡","17.7","","-2.9","","7.4","","10.6","","0.0","","0.0","","0.0","","0.0","","","","","M","33",""
"2013-04-01","2013","04","01","‡","18.8","","-0.3","","9.3","","8.7","","0.0","","0.0","","0.0","","0.0","","","","","M","32",""
"2013-04-02","2013","04","02","‡","20.1","","-0.4","","9.9","","8.1","","0.0","","0.0","","0.0","","0.0","","","","","M","44",""
"2013-04-03","2013","04","03","‡","17.1","","0.7","","8.9","","9.1","","0.0","","0.0","T","0.0","","0.0","T","","","","M","50",""
"2013-04-04","2013","04","04","‡","13.5","","2.7","","8.1","","9.9","","0.0","","1.2","","0.0","","1.2","","","","","M","<31",""
"2013-04-05","2013","04","05","‡","13.9","","3.2","","8.6","","9.4","","0.0","","0.6","","0.0","","0.6","","","","","M","52",""
"2013-04-06","2013","04","06","‡","12.7","","1.6","","7.2","","10.8","","0.0","","3.6","","0.0","T","3.6","","","","","M","54",""
"2013-04-07","2013","04","07","‡","6.2","","-0.8","","2.7","","15.3","","0.0","","3.6","","4.0","","7.6","","3","","","M","<31",""
"2013-04-08","2013","04","08","‡","","","","","","","","","","","","","","","","","","","","","",""
"2013-04-09","2013","04","09","‡","9.9","","-2.4","","3.8","","14.2","","0.0","","0.0","","0.0","","0.0","","","","","M","<31",""
"2013-04-10","2013","04","10","‡","7.0","","-0.3","","3.4","","14.6","","0.0","","1.0","","0.0","","1.0","","","","","M","43",""
"2013-04-11","2013","04","11","‡","12.0","","-1.2","","5.4","","12.6","","0.0","","0.0","","0.0","","0.0","","","","","M","44",""
"2013-04-12","2013","04","12","‡","9.1","","-3.3","","2.9","","15.1","","0.0","","0.2","","0.0","","0.2","","","","","M","41",""
"2013-04-13","2013","04","13","‡","","","","","","","","","","","","","","","","","","","","","",""
"2013-04-14","2013","04","14","‡","","","","","","","","","","","","","","","","","","","","","",""
"2013-04-15","2013","04","15","‡","4.1","","-4.2","","-0.1","","18.1","","0.0","","0.0","","0.0","","0.0","","","","","M","39",""
"2013-04-16","2013","04","16","‡","5.6","","-4.4","","0.6","","17.4","","0.0","","0.0","","0.0","","0.0","","","","","M","43",""
"2013-04-17","2013","04","17","‡","10.3","","-7.6","","1.4","","16.6","","0.0","","0.0","","0.0","","0.0","","","","","M","32",""
"2013-04-18","2013","04","18","‡","14.1","","-4.6","","4.8","","13.2","","0.0","","0.0","","0.0","","0.0","","","","","M","43",""
"2013-04-19","2013","04","19","‡","15.3","","5.5","","10.4","","7.6","","0.0","","0.0","","0.0","","0.0","","","","","M","43",""
"2013-04-20","2013","04","20","‡","13.0","","1.5","","7.3","","10.7","","0.0","","0.4","","0.0","","0.4","","","","","M","54",""
"2013-04-21","2013","04","21","‡","","","","","","","","","","","","","","","","","","","","","",""
"2013-04-22","2013","04","22","‡","10.8","","-8.6","","1.1","","16.9","","0.0","","0.0","","0.0","","0.0","","","","","M","32",""
"2013-04-23","2013","04","23","‡","12.4","","-4.3","","4.1","","13.9","","0.0","","0.0","","0.0","","0.0","","","","","M","32",""
"2013-04-24","2013","04","24","‡","14.4","","-3.2","","5.6","","12.4","","0.0","","0.0","","0.0","","0.0","","","","","M","41",""
"2013-04-25","2013","04","25","‡","18.5","","0.4","","9.5","","8.5","","0.0","","0.0","","0.0","","0.0","","","","","M","46",""
"2013-04-26","2013","04","26","‡","21.7","","1.8","","11.8","","6.2","","0.0","","0.0","","0.0","","0.0","","","","","M","54",""
"2013-04-27","2013","04","27","‡","16.8","","4.8","","10.8","","7.2","","0.0","","0.0","","0.0","","0.0","","","","","M","61",""
"2013-04-28","2013","04","28","‡","16.2","","1.6","","8.9","","9.1","","0.0","","0.0","","0.0","","0.0","","","","","M","57",""
"2013-04-29","2013","04","29","‡","9.8","","0.5","","5.2","","12.8","","0.0","","0.0","","0.0","T","0.0","T","","","","M","59",""
"2013-04-30","2013","04","30","‡","6.9","","-3.7","","1.6","","16.4","","0.0","","0.0","","0.0","T","0.0","T","","","","M","32",""
"2013-05-01","2013","05","01","‡","12.9","","-6.1","","3.4","","14.6","","0.0","","0.0","","0.0","","0.0","","","","","M","35",""
"2013-05-02","2013","05","02","‡","18.4","","-2.6","","7.9","","10.1","","0.0","","0.0","","0.0","","0.0","","","","","M","43",""
"2013-05-03","2013","05","03","‡","19.0","","7.0","","13.0","","5.0","","0.0","","0.0","T","0.0","","0.0","T","","","","M","37",""
"2013-05-04","2013","05","04","‡","19.8","","4.9","","12.4","","5.6","","0.0","","0.0","T","0.0","","0.0","T","","","","M","<31",""
"2013-05-05","2013","05","05","‡","23.5","","2.9","","13.2","","4.8","","0.0","","0.0","","0.0","","0.0","","","","","M","<31",""
"2013-05-06","2013","05","06","‡","26.7","","7.3","","17.0","","1.0","","0.0","","0.0","","0.0","","0.0","","","","","M","<31",""
"2013-05-07","2013","05","07","‡","24.6","","8.3","","16.5","","1.5","","0.0","","0.0","","0.0","","0.0","","","","","M","37",""
"2013-05-08","2013","05","08","‡","26.1","","8.1","","17.1","","0.9","","0.0","","0.0","","0.0","","0.0","","","","","M","33",""
"2013-05-09","2013","05","09","‡","27.6","","7.8","","17.7","","0.3","","0.0","","0.0","","0.0","","0.0","","","","","M","37",""
"2013-05-10","2013","05","10","‡","25.4","","9.0","","17.2","","0.8","","0.0","","0.0","","0.0","","0.0","","","","","M","37",""
"2013-05-11","2013","05","11","‡","28.1","","9.1","","18.6","","0.0","","0.6","","0.0","","0.0","","0.0","","","","","M","33",""
"2013-05-12","2013","05","12","‡","26.6","","9.8","","18.2","","0.0","","0.2","","0.0","","0.0","","0.0","","","","","M","52",""
"2013-05-13","2013","05","13","‡","21.5","","7.7","","14.6","","3.4","","0.0","","3.4","","0.0","","3.4","","","","","M","54",""
"2013-05-14","2013","05","14","‡","14.4","","4.2","","9.3","","8.7","","0.0","","4.0","","0.0","","4.0","","","","","M","37",""
"2013-05-15","2013","05","15","‡","18.5","","0.5","","9.5","","8.5","","0.0","","0.0","","0.0","","0.0","","","","","M","<31",""
"2013-05-16","2013","05","16","‡","17.3","","5.6","","11.5","","6.5","","0.0","","9.6","","0.0","T","9.6","","","","","M","37",""
"2013-05-17","2013","05","17","‡","19.4","","3.2","","11.3","","6.7","","0.0","","0.0","","0.0","","0.0","","","","","M","37",""
"2013-05-18","2013","05","18","‡","17.4","","6.9","","12.2","","5.8","","0.0","","1.4","","0.0","","1.4","","","","","M","<31",""
"2013-05-19","2013","05","19","‡","14.5","","8.4","","11.5","","6.5","","0.0","","5.2","","0.0","","5.2","","","","","M","<31",""
"2013-05-20","2013","05","20","‡","20.8","","4.7","","12.8","","5.2","","0.0","","0.0","","0.0","","0.0","","","","","M","<31",""
"2013-05-21","2013","05","21","‡","23.1","","3.8","","13.5","","4.5","","0.0","","0.0","T","0.0","","0.0","T","","","","M","54",""
"2013-05-22","2013","05","22","‡","17.6","","3.7","","10.7","","7.3","","0.0","","13.6","","0.0","","13.6","","","","","M","46",""
"2013-05-23","2013","05","23","‡","","","","","","","","","","","","","","","","","","","","","",""
"2013-05-24","2013","05","24","‡","14.8","","2.4","","8.6","","9.4","","0.0","","0.0","","0.0","","0.0","","","","","M","43",""
"2013-05-25","2013","05","25","‡","16.2","","5.3","","10.8","","7.2","","0.0","","0.0","","0.0","","0.0","","","","","M","48",""
"2013-05-26","2013","05","26","‡","19.4","","0.5","","10.0","","8.0","","0.0","","0.0","","0.0","","0.0","","","","","M","<31",""
"2013-05-27","2013","05","27","‡","17.4","","6.3","","11.9","","6.1","","0.0","","3.2","","0.0","","3.2","","","","","M","33",""
"2013-05-28","2013","05","28","‡","17.9","","7.6","","12.8","","5.2","","0.0","","3.2","","0.0","","3.2","","","","","M","<31",""
"2013-05-29","2013","05","29","‡","19.1","","6.2","","12.7","","5.3","","0.0","","0.0","","0.0","","0.0","","","","","M","35",""
"2013-05-30","2013","05","30","‡","15.2","","7.7","","11.5","","6.5","","0.0","","5.4","","0.0","","5.4","","","","","M","39",""
"2013-05-31","2013","05","31","‡","13.4","","6.9","","10.2","","7.8","","0.0","","2.2","","0.0","","2.2","","","","","M","<31",""
"2013-06-01","2013","06","01","‡","15.8","","3.3","","9.6","","8.4","","0.0","","0.0","T","0.0","","0.0","T","","","","M","<31",""
"2013-06-02","2013","06","02","‡","19.2","","3.0","","11.1","","6.9","","0.0","","0.6","","0.0","","0.6","","","","","M","44",""
"2013-06-03","2013","06","03","‡","17.1","","7.1","","12.1","","5.9","","0.0","","1.2","","0.0","","1.2","","","","","M","32",""
"2013-06-04","2013","06","04","‡","21.6","","5.1","","13.4","","4.6","","0.0","","0.0","","0.0","","0.0","","","","","M","<31",""
"2013-06-05","2013","06","05","‡","24.1","","6.9","","15.5","","2.5","","0.0","","0.0","","0.0","","0.0","","","","","M","<31",""
"2013-06-06","2013","06","06","‡","26.8","","7.7","","17.3","","0.7","","0.0","","0.0","","0.0","","0.0","","","","","M","32",""
"2013-06-07","2013","06","07","‡","25.3","","13.6","","19.5","","0.0","","1.5","","0.4","","0.0","","0.4","","","","","M","65",""
"2013-06-08","2013","06","08","‡","24.0","","6.0","","15.0","","3.0","","0.0","","0.0","","0.0","","0.0","","","","","M","37",""
"2013-06-09","2013","06","09","‡","22.7","","7.5","","15.1","","2.9","","0.0","","0.0","","0.0","","0.0","","","","","M","43",""
"2013-06-10","2013","06","10","‡","23.4","","5.7","","14.6","","3.4","","0.0","","0.0","","0.0","","0.0","","","","","M","<31",""
"2013-06-11","2013","06","11","‡","24.0","","5.8","","14.9","","3.1","","0.0","","0.0","","0.0","","0.0","","","","","M","46",""
"2013-06-12","2013","06","12","‡","22.1","","10.5","","16.3","","1.7","","0.0","","0.0","","0.0","","0.0","","","","","M","44",""
"2013-06-13","2013","06","13","‡","18.0","","8.0","","13.0","","5.0","","0.0","","2.6","","0.0","","2.6","","","","","M","43",""
"2013-06-14","2013","06","14","‡","19.0","","2.1","","10.6","","7.4","","0.0","","1.4","","0.0","","1.4","","","","","M","41",""
"2013-06-15","2013","06","15","‡","23.0","","5.5","","14.3","","3.7","","0.0","","0.0","","0.0","","0.0","","","","","M","39",""
"2013-06-16","2013","06","16","‡","25.9","","8.9","","17.4","","0.6","","0.0","","0.0","","0.0","","0.0","","","","","M","<31",""
"2013-06-17","2013","06","17","‡","24.2","","10.7","","17.5","","0.5","","0.0","","0.0","","0.0","","0.0","","","","","M","41",""
"2013-06-18","2013","06","18","‡","","","","","","","","","","","","","","","","","","","","","",""
"2013-06-19","2013","06","19","‡","16.5","","9.1","","12.8","","5.2","","0.0","","31.4","","0.0","","31.4","","","","","M","50",""
"2013-06-20","2013","06","20","‡","10.9","","6.2","","8.6","","9.4","","0.0","","40.6","","0.0","","40.6","","","","","M","37",""
"2013-06-21","2013","06","21","‡","12.0","","7.1","","9.6","","8.4","","0.0","","7.6","","0.0","","7.6","","","","","M","46",""
"2013-06-22","2013","06","22","‡","16.8","","8.1","","12.5","","5.5","","0.0","","0.4","","0.0","","0.4","","","","","M","52",""
"2013-06-23","2013","06","23","‡","22.4","","8.1","","15.3","","2.7","","0.0","","0.0","","0.0","","0.0","","","","","M","<31",""
"2013-06-24","2013","06","24","‡","15.9","","11.0","","13.5","","4.5","","0.0","","3.8","","0.0","","3.8","","","","","M","67",""
"2013-06-25","2013","06","25","‡","20.4","","11.4","","15.9","","2.1","","0.0","","3.0","","0.0","","3.0","","","","","M","43",""
"2013-06-26","2013","06","26","‡","20.2","","8.5","","14.4","","3.6","","0.0","","1.4","","0.0","","1.4","","","","","M","46",""
"2013-06-27","2013","06","27","‡","21.0","","10.8","","15.9","","2.1","","0.0","","0.6","","0.0","","0.6","","","","","M","33",""
"2013-06-28","2013","06","28","‡","27.1","","12.2","","19.7","","0.0","","1.7","","0.0","","0.0","","0.0","","","","","M","<31",""
"2013-06-29","2013","06","29","‡","26.2","","14.2","","20.2","","0.0","","2.2","","0.0","","0.0","","0.0","","","","","M","37",""
"2013-06-30","2013","06","30","‡","30.6","","12.6","","21.6","","0.0","","3.6","","0.0","","0.0","","0.0","","","","","M","63",""
"2013-07-01","2013","07","01","‡","32.9","","16.2","","24.6","","0.0","","6.6","","0.0","","0.0","","0.0","","","","","M","<31",""
"2013-07-02","2013","07","02","‡","36.0","","16.5","","26.3","","0.0","","8.3","","0.0","","0.0","","0.0","","","","","M","39",""
"2013-07-03","2013","07","03","‡","32.2","","17.5","","24.9","","0.0","","6.9","","0.0","","0.0","","0.0","","","","","M","35",""
"2013-07-04","2013","07","04","‡","29.9","","15.1","","22.5","","0.0","","4.5","","0.0","","0.0","","0.0","","","","","M","44",""
"2013-07-05","2013","07","05","‡","23.8","","12.8","","18.3","","0.0","","0.3","","2.0","","0.0","","2.0","","","","","M","48",""
"2013-07-06","2013","07","06","‡","25.5","","8.0","","16.8","","1.2","","0.0","","0.0","","0.0","","0.0","","","","","M","52",""
"2013-07-07","2013","07","07","‡","27.0","","10.2","","18.6","","0.0","","0.6","","0.0","","0.0","","0.0","","","","","M","<31",""
"2013-07-08","2013","07","08","‡","","","","","","","","","","","","","","","","","","","","","",""
"2013-07-09","2013","07","09","‡","26.5","","7.2","","16.9","","1.1","","0.0","","0.0","","0.0","","0.0","","","","","M","48",""
"2013-07-10","2013","07","10","‡","30.6","","10.4","","20.5","","0.0","","2.5","","0.0","","0.0","","0.0","","","","","M","50",""
"2013-07-11","2013","07","11","‡","26.5","","14.1","","20.3","","0.0","","2.3","","0.0","","0.0","","0.0","","","","","M","57",""
"2013-07-12","2013","07","12","‡","22.5","","7.8","","15.2","","2.8","","0.0","","0.0","","0.0","","0.0","","","","","M","43",""
"2013-07-13","2013","07","13","‡","22.9","","9.4","","16.2","","1.8","","0.0","","0.0","","0.0","","0.0","","","","","M","<31",""
"2013-07-14","2013","07","14","‡","27.0","","7.3","","17.2","","0.8","","0.0","","0.0","","0.0","","0.0","","","","","M","46",""
"2013-07-15","2013","07","15","‡","25.3","","9.4","","17.4","","0.6","","0.0","","0.0","","0.0","","0.0","","","","","M","39",""
"2013-07-16","2013","07","16","‡","26.8","","7.0","","16.9","","1.1","","0.0","","0.0","","0.0","","0.0","","","","","M","33",""
"2013-07-17","2013","07","17","‡","23.5","","12.9","","18.2","","0.0","","0.2","","7.0","","0.0","","7.0","","","","","M","39",""
"2013-07-18","2013","07","18","‡","28.3","","10.1","","19.2","","0.0","","1.2","","0.0","","0.0","","0.0","","","","","M","48",""
"2013-07-19","2013","07","19","‡","30.3","","12.0","","21.2","","0.0","","3.2","","0.0","","0.0","","0.0","","","","","M","35",""
"2013-07-20","2013","07","20","‡","32.3","","12.2","","22.3","","0.0","","4.3","","0.0","T","0.0","","0.0","T","","","","M","46",""
"2013-07-21","2013","07","21","‡","32.7","","12.9","","22.8","","0.0","","4.8","","0.0","","0.0","","0.0","","","","","M","54",""
"2013-07-22","2013","07","22","‡","32.5","","16.8","","24.7","","0.0","","6.7","","0.0","","0.0","","0.0","","","","","M","44",""
"2013-07-23","2013","07","23","‡","32.7","","15.3","","24.0","","0.0","","6.0","","0.0","","0.0","","0.0","","","","","M","35",""
"2013-07-24","2013","07","24","‡","34.1","","13.8","","24.0","","0.0","","6.0","","0.0","","0.0","","0.0","","","","","M","43",""
"2013-07-25","2013","07","25","‡","33.1","","14.4","","23.8","","0.0","","5.8","","0.0","","0.0","","0.0","","","","","M","41",""
"2013-07-26","2013","07","26","‡","34.0","","13.5","","23.8","","0.0","","5.8","","0.0","","0.0","","0.0","","","","","M","48",""
"2013-07-27","2013","07","27","‡","30.0","","11.8","","20.9","","0.0","","2.9","","0.0","","0.0","","0.0","","","","","M","39",""
"2013-07-28","2013","07","28","‡","25.6","","7.8","","16.7","","1.3","","0.0","","0.0","","0.0","","0.0","","","","","M","48",""
"2013-07-29","2013","07","29","‡","21.5","","9.7","","15.6","","2.4","","0.0","","0.4","","0.0","","0.4","","","","","M","50",""
"2013-07-30","2013","07","30","‡","27.1","","5.0","","16.1","","1.9","","0.0","","0.0","","0.0","","0.0","","","","","M","<31",""
"2013-07-31","2013","07","31","‡","29.5","","10.2","","19.9","","0.0","","1.9","","0.0","","0.0","","0.0","","","","","M","<31",""
"2013-08-01","2013","08","01","‡","25.1","","12.9","","19.0","","0.0","","1.0","","11.2","","0.0","","11.2","","","","","M","43",""
"2013-08-02","2013","08","02","‡","","","","","","","","","","","","","","","","","","","","","",""
"2013-08-03","2013","08","03","‡","23.6","","13.5","","18.6","","0.0","","0.6","","0.2","","0.0","","0.2","","","","","M","32",""
"2013-08-04","2013","08","04","‡","23.9","","10.2","","17.1","","0.9","","0.0","","12.8","","0.0","","12.8","","","","","M","50",""
"2013-08-05","2013","08","05","‡","22.8","","10.5","","16.7","","1.3","","0.0","","7.6","","0.0","","7.6","","","","","M","37",""
"2013-08-06","2013","08","06","‡","26.8","","9.8","","18.3","","0.0","","0.3","","0.0","","0.0","","0.0","","","","","M","61",""
"2013-08-07","2013","08","07","‡","25.7","","11.3","","18.5","","0.0","","0.5","","5.8","","0.0","","5.8","","","","","M","35",""
"2013-08-08","2013","08","08","‡","27.4","","11.7","","19.6","","0.0","","1.6","","0.0","","0.0","","0.0","","","","","M","<31",""
"2013-08-09","2013","08","09","‡","29.3","","13.0","","21.2","","0.0","","3.2","","0.2","","0.0","","0.2","","","","","M","<31",""
"2013-08-10","2013","08","10","‡","27.0","","13.9","","20.5","","0.0","","2.5","","1.8","","0.0","","1.8","","","","","M","35",""
"2013-08-11","2013","08","11","‡","27.8","","12.4","","20.1","","0.0","","2.1","","0.0","","0.0","","0.0","","","","","M","<31",""
"2013-08-12","2013","08","12","‡","29.2","","14.5","","21.9","","0.0","","3.9","","0.4","","0.0","","0.4","","","","","M","37",""
"2013-08-13","2013","08","13","‡","28.9","","12.7","","20.8","","0.0","","2.8","","0.0","","0.0","","0.0","","","","","M","32",""
"2013-08-14","2013","08","14","‡","29.5","","10.2","","19.9","","0.0","","1.9","","0.0","","0.0","","0.0","","","","","M","<31",""
"2013-08-15","2013","08","15","‡","30.5","","12.3","","21.4","","0.0","","3.4","","0.0","","0.0","","0.0","","","","","M","35",""
"2013-08-16","2013","08","16","‡","29.8","","12.9","","21.4","","0.0","","3.4","","0.0","","0.0","","0.0","","","","","M","44",""
"2013-08-17","2013","08","17","‡","27.8","","11.8","","19.8","","0.0","","1.8","","2.4","","0.0","","2.4","","","","","M","56",""
"2013-08-18","2013","08","18","‡","28.0","","12.2","","20.1","","0.0","","2.1","","0.0","","0.0","","0.0","","","","","M","46",""
"2013-08-19","2013","08","19","‡","28.3","","12.3","","20.3","","0.0","","2.3","","0.0","","0.0","","0.0","","","","","M","48",""
"2013-08-20","2013","08","20","‡","26.4","","8.4","","17.4","","0.6","","0.0","","0.0","","0.0","","0.0","","","","","M","41",""
"2013-08-21","2013","08","21","‡","26.6","","6.6","","16.6","","1.4","","0.0","","0.0","","0.0","","0.0","","","","","M","35",""
"2013-08-22","2013","08","22","‡","28.3","","7.0","","17.7","","0.3","","0.0","","0.0","","0.0","","0.0","","","","","M","<31",""
"2013-08-23","2013","08","23","‡","22.9","","12.4","","17.7","","0.3","","0.0","","1.6","","0.0","","1.6","","","","","M","<31",""
"2013-08-24","2013","08","24","‡","25.1","","8.1","","16.6","","1.4","","0.0","","0.2","","0.0","","0.2","","","","","M","39",""
"2013-08-25","2013","08","25","‡","27.4","","12.4","","19.9","","0.0","","1.9","","0.0","","0.0","","0.0","","","","","M","39",""
"2013-08-26","2013","08","26","‡","24.1","","11.7","","17.9","","0.1","","0.0","","6.2","","0.0","","6.2","","","","","M","61",""
"2013-08-27","2013","08","27","‡","27.8","","7.3","","17.6","","0.4","","0.0","","0.0","","0.0","","0.0","","","","","M","48",""
"2013-08-28","2013","08","28","‡","25.5","","10.5","","18.0","","0.0","","0.0","","0.0","","0.0","","0.0","","","","","M","<31",""
"2013-08-29","2013","08","29","‡","25.7","","10.0","","17.9","","0.1","","0.0","","0.0","","0.0","","0.0","","","","","M","46",""
"2013-08-30","2013","08","30","‡","25.4","","11.6","","18.5","","0.0","","0.5","","0.0","T","0.0","","0.0","T","","","","M","56",""
"2013-08-31","2013","08","31","‡","25.0","","7.7","","16.4","","1.6","","0.0","","0.0","","0.0","","0.0","","","","","M","<31",""
"2013-09-01","2013","09","01","‡","29.2","","7.7","","18.5","","0.0","","0.5","","0.0","","0.0","","0.0","","","","","M","<31",""
"2013-09-02","2013","09","02","‡","22.7","","9.7","","16.2","","1.8","","0.0","","0.0","","0.0","","0.0","","","","","M","<31",""
"2013-09-03","2013","09","03","‡","22.9","","12.4","","17.7","","0.3","","0.0","","0.0","","0.0","","0.0","","","","","M","<31",""
"2013-09-04","2013","09","04","‡","29.9","","11.2","","20.6","","0.0","","2.6","","0.0","","0.0","","0.0","","","","","M","<31",""
"2013-09-05","2013","09","05","‡","23.1","","15.2","","19.2","","0.0","","1.2","","0.4","","0.0","","0.4","","","","","M","<31",""
"2013-09-06","2013","09","06","‡","24.4","","12.0","","18.2","","0.0","","0.2","","9.0","","0.0","","9.0","","","","","M","69",""
"2013-09-07","2013","09","07","‡","14.5","","10.7","","12.6","","5.4","","0.0","","12.6","","0.0","","12.6","","","","","M","<31",""
"2013-09-08","2013","09","08","‡","17.5","","9.8","","13.7","","4.3","","0.0","","1.6","","0.0","","1.6","","","","","M","<31",""
"2013-09-09","2013","09","09","‡","22.5","","7.6","","15.1","","2.9","","0.0","","0.0","","0.0","","0.0","","","","","M","<31",""
"2013-09-10","2013","09","10","‡","25.8","","8.7","","17.3","","0.7","","0.0","","0.0","","0.0","","0.0","","","","","M","<31",""
"2013-09-11","2013","09","11","‡","28.0","","10.7","","19.4","","0.0","","1.4","","0.0","","0.0","","0.0","","","","","M","<31",""
"2013-09-12","2013","09","12","‡","29.3","","11.3","","20.3","","0.0","","2.3","","0.0","","0.0","","0.0","","","","","M","<31",""
"2013-09-13","2013","09","13","‡","29.3","","10.4","","19.9","","0.0","","1.9","","0.0","","0.0","","0.0","","","","","M","<31",""
"2013-09-14","2013","09","14","‡","29.1","","12.7","","20.9","","0.0","","2.9","","0.0","","0.0","","0.0","","","","","M","<31",""
"2013-09-15","2013","09","15","‡","28.3","","10.6","","19.5","","0.0","","1.5","","0.0","","0.0","","0.0","","","","","M","<31",""
"2013-09-16","2013","09","16","‡","24.3","","11.5","","17.9","","0.1","","0.0","","3.0","","0.0","","3.0","","","","","M","46",""
"2013-09-17","2013","09","17","‡","20.5","","7.6","","14.1","","3.9","","0.0","","0.0","","0.0","","0.0","","","","","M","<31",""
"2013-09-18","2013","09","18","‡","14.2","","7.9","","11.1","","6.9","","0.0","","33.6","","0.0","","33.6","","","","","M","<31",""
"2013-09-19","2013","09","19","‡","16.3","","6.0","","11.2","","6.8","","0.0","","0.0","","0.0","","0.0","","","","","M","<31",""
"2013-09-20","2013","09","20","‡","19.6","","2.7","","11.2","","6.8","","0.0","","0.0","","0.0","","0.0","","","","","M","<31",""
"2013-09-21","2013","09","21","‡","19.0","","4.4","","11.7","","6.3","","0.0","","0.0","","0.0","","0.0","","","","","M","46",""
"2013-09-22","2013","09","22","‡","16.6","","5.2","","10.9","","7.1","","0.0","","0.2","","0.0","","0.2","","","","","M","50",""
"2013-09-23","2013","09","23","‡","15.6","","6.4","","11.0","","7.0","","0.0","","0.0","","0.0","","0.0","","","","","M","43",""
"2013-09-24","2013","09","24","‡","8.9","","5.3","","7.1","","10.9","","0.0","","10.0","","0.0","","10.0","","","","","M","<31",""
"2013-09-25","2013","09","25","‡","8.9","","4.8","","6.9","","11.1","","0.0","","2.0","","0.0","","2.0","","","","","M","<31",""
"2013-09-26","2013","09","26","‡","11.8","","3.2","","7.5","","10.5","","0.0","","0.0","","0.0","","0.0","","","","","M","<31",""
"2013-09-27","2013","09","27","‡","10.2","","-2.0","","4.1","","13.9","","0.0","","0.0","","0.0","","0.0","","","","","M","41",""
"2013-09-28","2013","09","28","‡","10.9","","5.7","","8.3","","9.7","","0.0","","3.4","","0.0","","3.4","","","","","M","41",""
"2013-09-29","2013","09","29","‡","13.9","","6.9","","10.4","","7.6","","0.0","","7.0","","0.0","","7.0","","","","","M","56",""
"2013-09-30","2013","09","30","‡","12.9","","4.4","","8.7","","9.3","","0.0","","4.6","","0.0","","4.6","","","","","M","56",""
"2013-10-01","2013","10","01","‡","12.3","","0.1","","6.2","","11.8","","0.0","","1.2","","0.0","","1.2","","","","","M","39",""
"2013-10-02","2013","10","02","‡","10.6","","-1.5","","4.6","","13.4","","0.0","","0.0","","0.0","","0.0","","","","","M","<31",""
"2013-10-03","2013","10","03","‡","11.0","","-0.1","","5.5","","12.5","","0.0","","0.0","","0.0","","0.0","","","","","M","<31",""
"2013-10-04","2013","10","04","‡","11.8","","-3.8","","4.0","","14.0","","0.0","","0.0","","0.0","","0.0","","","","","M","<31",""
"2013-10-05","2013","10","05","‡","13.9","","-0.3","","6.8","","11.2","","0.0","","0.0","","0.0","","0.0","","","","","M","35",""
"2013-10-06","2013","10","06","‡","18.2","","3.2","","10.7","","7.3","","0.0","","0.0","","0.0","","0.0","","","","","M","35",""
"2013-10-07","2013","10","07","‡","16.3","","-0.8","","7.8","","10.2","","0.0","","6.0","","0.0","","6.0","","","","","M","52",""
"2013-10-08","2013","10","08","‡","12.0","","3.9","","8.0","","10.0","","0.0","","0.0","","0.0","","0.0","","","","","M","33",""
"2013-10-09","2013","10","09","‡","12.1","","0.1","","6.1","","11.9","","0.0","","0.0","","0.0","","0.0","","","","","M","<31",""
"2013-10-10","2013","10","10","‡","10.1","","2.5","","6.3","","11.7","","0.0","","1.2","","0.0","","1.2","","","","","M","41",""
"2013-10-11","2013","10","11","‡","","","","","","","","","","","","","","","","","","","","","",""
"2013-10-12","2013","10","12","‡","9.3","","1.3","","5.3","","12.7","","0.0","","0.0","","0.0","","0.0","","","","","M","<31",""
"2013-10-13","2013","10","13","‡","11.3","","-1.5","","4.9","","13.1","","0.0","","0.0","","0.0","","0.0","","","","","M","<31",""
"2013-10-14","2013","10","14","‡","11.8","","-1.0","","5.4","","12.6","","0.0","","0.0","","0.0","","0.0","","","","","M","<31",""
"2013-10-15","2013","10","15","‡","9.6","","-4.9","","2.4","","15.6","","0.0","","0.0","","0.0","","0.0","","","","","M","<31",""
"2013-10-16","2013","10","16","‡","7.9","","1.7","","4.8","","13.2","","0.0","","2.0","","0.0","","2.0","","","","","M","<31",""
"2013-10-17","2013","10","17","‡","12.0","","1.4","","6.7","","11.3","","0.0","","0.0","","0.0","","0.0","","","","","M","32",""
"2013-10-18","2013","10","18","‡","10.2","","-3.5","","3.4","","14.6","","0.0","","0.0","","0.0","","0.0","","","","","M","<31",""
"2013-10-19","2013","10","19","‡","10.3","","-3.9","","3.2","","14.8","","0.0","","0.0","","0.0","","0.0","","","","","M","<31",""
"2013-10-20","2013","10","20","‡","11.4","","-3.6","","3.9","","14.1","","0.0","","0.0","","0.0","","0.0","","","","","M","<31",""
"2013-10-21","2013","10","21","‡","11.4","","-3.6","","3.9","","14.1","","0.0","","0.0","","0.0","","0.0","","","","","M","<31",""
"2013-10-22","2013","10","22","‡","","","","","","","","","","","","","","","","","","","","","",""
"2013-10-23","2013","10","23","‡","","","","","","","","","","","","","","","","","","","","","",""
"2013-10-24","2013","10","24","‡","2.9","","-1.2","","0.9","","17.1","","0.0","","0.0","","0.0","","0.0","","","","","M","<31",""
"2013-10-25","2013","10","25","‡","1.9","","-1.4","","0.3","","17.7","","0.0","","0.0","","0.0","","0.0","","","","","M","<31",""
"2013-10-26","2013","10","26","‡","1.6","","-0.7","","0.5","","17.5","","0.0","","0.0","","0.0","","0.0","","","","","M","<31",""
"2013-10-27","2013","10","27","‡","6.5","","0.2","","3.4","","14.6","","0.0","","5.4","","1.0","","6.4","","","","","M","39",""
"2013-10-28","2013","10","28","‡","4.7","","-5.4","","-0.4","","18.4","","0.0","","0.0","","0.0","","0.0","","","","","M","<31",""
"2013-10-29","2013","10","29","‡","4.0","","-7.6","","-1.8","","19.8","","0.0","","0.0","","0.0","","0.0","","","","","M","<31",""
"2013-10-30","2013","10","30","‡","3.9","","-8.1","","-2.1","","20.1","","0.0","","0.0","","0.0","","0.0","","","","","M","<31",""
"2013-10-31","2013","10","31","‡","10.3","","-4.9","","2.7","","15.3","","0.0","","0.0","","0.0","","0.0","","","","","M","35",""
"2013-11-01","2013","11","01","‡","10.4","","-5.6","","2.4","","15.6","","0.0","","0.0","","0.0","","0.0","","","","","M","39",""
"2013-11-02","2013","11","02","‡","6.1","","1.6","","3.9","","14.1","","0.0","","11.4","","0.0","T","11.4","","","","","M","41",""
"2013-11-03","2013","11","03","‡","3.3","","-1.4","","1.0","","17.0","","0.0","","0.2","","9.4","","9.2","","3","","","M","41",""
"2013-11-04","2013","11","04","‡","-0.3","","-3.7","","-2.0","","20.0","","0.0","","0.0","","1.2","","0.8","","8","","","M","<31",""
"2013-11-05","2013","11","05","‡","-0.1","","-3.9","","-2.0","","20.0","","0.0","","0.0","","0.4","","0.4","","7","","","M","<31",""
"2013-11-06","2013","11","06","‡","1.5","","-3.5","","-1.0","","19.0","","0.0","","0.0","","0.0","T","0.0","T","6","","","M","<31",""
"2013-11-07","2013","11","07","‡","-0.5","","-2.8","","-1.7","","19.7","","0.0","","0.0","","7.0","","6.4","","3","","","M","<31",""
"2013-11-08","2013","11","08","‡","6.6","","-3.2","","1.7","","16.3","","0.0","","0.0","","0.0","T","0.0","T","11","","","M","37",""
"2013-11-09","2013","11","09","‡","3.4","","-6.7","","-1.7","","19.7","","0.0","","0.0","","0.0","T","0.0","T","6","","","M","<31",""
"2013-11-10","2013","11","10","‡","2.0","","-0.5","","0.8","","17.2","","0.0","","0.0","","3.0","","2.8","","6","","","M","<31",""
"2013-11-11","2013","11","11","‡","2.3","","-1.9","","0.2","","17.8","","0.0","","0.0","","0.0","","0.0","","5","","","M","<31",""
"2013-11-12","2013","11","12","‡","3.5","","-2.3","","0.6","","17.4","","0.0","","0.0","","0.2","","0.2","","4","","","M","<31",""
"2013-11-13","2013","11","13","‡","10.9","","-3.2","","3.9","","14.1","","0.0","","0.0","","0.0","","0.0","","0","","","M","35",""
"2013-11-14","2013","11","14","‡","9.9","","-3.2","","3.4","","14.6","","0.0","","0.0","","0.0","","0.0","","","","","M","39",""
"2013-11-15","2013","11","15","‡","3.6","","-5.1","","-0.8","","18.8","","0.0","","0.0","","0.0","T","0.0","T","","","","M","44",""
"2013-11-16","2013","11","16","‡","1.1","","-3.6","","-1.3","","19.3","","0.0","","0.0","","3.0","","3.0","","0","","","M","<31",""
"2013-11-17","2013","11","17","‡","3.2","","-6.8","","-1.8","","19.8","","0.0","","0.0","","0.2","","0.2","","2","","","M","48",""
"2013-11-18","2013","11","18","‡","4.9","","-2.0","","1.5","","16.5","","0.0","","0.0","","0.4","","0.4","","1","","","M","39",""
"2013-11-19","2013","11","19","‡","9.6","","-3.1","","3.3","","14.7","","0.0","","4.8","","0.0","","4.8","","","","","M","43",""
"2013-11-20","2013","11","20","‡","-2.5","","-11.4","","-7.0","","25.0","","0.0","","0.0","","0.0","","0.0","","","","","M","43",""
"2013-11-21","2013","11","21","‡","-5.0","","-14.8","","-9.9","","27.9","","0.0","","0.0","","0.0","","0.0","","","","","M","<31",""
"2013-11-22","2013","11","22","‡","-4.3","","-14.7","","-9.5","","27.5","","0.0","","0.0","","0.0","","0.0","","","","","M","<31",""
"2013-11-23","2013","11","23","‡","-4.0","","-13.9","","-9.0","","27.0","","0.0","","0.0","","0.0","","0.0","","","","","M","<31",""
"2013-11-24","2013","11","24","‡","-1.9","","-10.6","","-6.3","","24.3","","0.0","","0.0","","0.0","","0.0","","","","","M","<31",""
"2013-11-25","2013","11","25","‡","-2.9","","-11.9","","-7.4","","25.4","","0.0","","0.0","","0.0","","0.0","","","","","M","<31",""
"2013-11-26","2013","11","26","‡","-1.9","","-11.0","","-6.5","","24.5","","0.0","","0.0","","0.0","","0.0","","","","","M","<31",""
"2013-11-27","2013","11","27","‡","-1.4","","-11.4","","-6.4","","24.4","","0.0","","0.0","","0.0","","0.0","","","","","M","<31",""
"2013-11-28","2013","11","28","‡","-6.1","","-12.9","","-9.5","","27.5","","0.0","","0.0","","0.0","","0.0","","","","","M","<31",""
"2013-11-29","2013","11","29","‡","-2.9","","-7.0","","-5.0","","23.0","","0.0","","0.0","","0.0","T","0.0","T","","","","M","<31",""
"2013-11-30","2013","11","30","‡","0.1","","-7.7","","-3.8","","21.8","","0.0","","0.0","","0.0","T","0.0","T","","","","M","<31",""
"2013-12-01","2013","12","01","‡","3.5","","-2.8","","0.4","","17.6","","0.0","","0.8","","0.2","","1.0","","0","","","M","<31",""
"2013-12-02","2013","12","02","‡","0.8","","-2.8","E","-1.0","E","19.0","E","0.0","E","","M","","M","18.4","E","18","","","M","","M"
"2013-12-03","2013","12","03","‡","","M","-13.4","E","","M","","M","","M","","M","","","","M","20","","","M","","M"
"2013-12-04","2013","12","04","‡","-11.1","","-19.3","","-15.2","","33.2","","0.0","","0.0","","0.2","","0.2","","18","","","M","<31",""
"2013-12-05","2013","12","05","‡","-14.4","","-23.6","","-19.0","","37.0","","0.0","","0.0","","0.0","T","0.0","T","18","","","M","<31",""
"2013-12-06","2013","12","06","‡","-17.9","","-28.3","","-23.1","","41.1","","0.0","","0.0","","0.2","","0.2","","16","","","M","<31",""
"2013-12-07","2013","12","07","‡","-20.4","","-31.4","","-25.9","","43.9","","0.0","","0.0","","0.0","","0.0","","16","","","M","<31",""
"2013-12-08","2013","12","08","‡","-18.6","","-31.2","","-24.9","","42.9","","0.0","","0.0","","0.0","T","0.0","T","16","","","M","<31",""
"2013-12-09","2013","12","09","‡","-14.7","","-23.8","","-19.3","","37.3","","0.0","","0.0","","0.2","","0.2","","16","","","M","<31",""
"2013-12-10","2013","12","10","‡","-11.2","","-22.3","","-16.8","","34.8","","0.0","","0.0","","0.6","","0.4","","17","","","M","<31",""
"2013-12-11","2013","12","11","‡","-7.6","","-18.9","E","-13.3","E","31.3","E","0.0","E","","M","","","0.0","T","17","","","M","","M"
"2013-12-12","2013","12","12","‡","-0.8","","-12.2","","-6.5","","24.5","","0.0","","0.0","","0.0","","0.0","","17","","","M","<31",""
"2013-12-13","2013","12","13","‡","-1.5","","-10.1","","-5.8","","23.8","","0.0","","0.0","","0.0","","0.0","","16","","","M","<31",""
"2013-12-14","2013","12","14","‡","3.0","","-9.5","","-3.3","","21.3","","0.0","","0.0","T","0.0","","0.0","T","16","","","M","37",""
"2013-12-15","2013","12","15","‡","5.4","","-0.6","","2.4","","15.6","","0.0","","0.0","","0.0","","0.0","","","","","M","52",""
"2013-12-16","2013","12","16","‡","5.2","","-3.4","","0.9","","17.1","","0.0","","0.0","","0.0","","0.0","","7","","","M","43",""
"2013-12-17","2013","12","17","‡","4.3","E","-3.8","E","0.3","E","17.7","E","0.0","E","","M","","M","0.0","E","6","","","M","","M"
"2013-12-18","2013","12","18","‡","4.2","","-3.1","","0.6","","17.4","","0.0","","0.0","","0.0","T","0.0","T","6","","","M","44",""
"2013-12-19","2013","12","19","‡","-3.0","","-14.5","","-8.8","","26.8","","0.0","","0.0","","0.0","T","0.0","T","6","","","M","44",""
"2013-12-20","2013","12","20","‡","-6.3","","-17.2","","-11.8","","29.8","","0.0","","0.0","","0.4","","0.4","","5","","","M","<31",""
"2013-12-21","2013","12","21","‡","-7.7","","-16.2","","-12.0","","30.0","","0.0","","0.0","","0.0","T","0.0","T","5","","","M","<31",""
"2013-12-22","2013","12","22","‡","-5.8","","-9.6","","-7.7","","25.7","","0.0","","0.0","","0.0","","0.0","","","","","M","<31",""
"2013-12-23","2013","12","23","‡","-1.2","","-6.6","","-3.9","","21.9","","0.0","","0.0","","2.0","","1.2","","5","","","M","<31",""
"2013-12-24","2013","12","24","‡","-2.9","","-12.5","","-7.7","","25.7","","0.0","","0.0","","0.0","","0.0","","6","","","M","<31",""
"2013-12-25","2013","12","25","‡","-4.3","","-15.1","","-9.7","","27.7","","0.0","","0.0","","0.0","","0.0","","6","","","M","<31",""
"2013-12-26","2013","12","26","‡","","M","-7.9","E","","M","","M","","M","","M","","","","M","6","","","M","","M"
"2013-12-27","2013","12","27","‡","4.4","","-8.6","","-2.1","","20.1","","0.0","","0.0","","0.0","T","0.0","T","6","","","M","37",""
"2013-12-28","2013","12","28","‡","3.0","","-8.1","","-2.6","","20.6","","0.0","","0.0","","0.0","","0.0","","6","","","M","<31",""
"2013-12-29","2013","12","29","‡","1.6","","-10.9","","-4.7","","22.7","","0.0","","0.0","","0.0","","0.0","","6","","","M","39",""
"2013-12-30","2013","12","30","‡","2.2","","-11.5","","-4.7","","22.7","","0.0","","0.0","","0.0","T","0.0","T","6","","","M","37",""
"2013-12-31","2013","12","31","‡","3.6","","-8.4","","-2.4","","20.4","","0.0","","0.0","","0.0","","0.0","","6","","","M","41",""
